"customer_id","recency","frequency","monetary","r_score","f_score","m_score","total_score","costumer_segment"
"18074","373","1","489.60",1,1,2,4,"Lost costumer"
"17968","373","1","277.35",1,1,1,3,"Lost costumer"
"14729","373","1","313.49",1,2,2,5,"Lost costumer"
"12791","373","1","192.60",1,1,1,3,"Lost costumer"
"16583","373","1","233.45",1,1,1,3,"Lost costumer"
"13747","373","1","79.60",1,1,1,3,"Lost costumer"
"17908","373","1","243.28",1,1,1,3,"Lost costumer"
"15922","372","1","369.50",1,2,2,5,"Lost costumer"
"17925","372","1","244.08",1,1,1,3,"Lost costumer"
"14142","372","1","311.81",1,2,2,5,"Lost costumer"
"15070","372","1","106.20",1,1,1,3,"Lost costumer"
"14237","372","1","161.00",1,1,1,3,"Lost costumer"
"17732","372","1","303.97",1,1,1,3,"Lost costumer"
"15363","372","1","326.00",1,2,2,5,"Lost costumer"
"18011","372","1","102.79",1,1,1,3,"Lost costumer"
"17643","372","1","101.55",1,1,1,3,"Lost costumer"
"16048","372","2","256.44",1,2,1,4,"Lost costumer"
"13108","372","1","350.06",1,2,2,5,"Lost costumer"
"16274","372","1","357.95",1,2,2,5,"Lost costumer"
"15165","372","1","487.75",1,1,2,4,"Lost costumer"
"17855","372","1","208.97",1,1,1,3,"Lost costumer"
"12855","372","1","38.10",1,1,1,3,"Lost costumer"
"15350","372","1","115.65",1,2,1,4,"Lost costumer"
"15923","372","1","127.08",1,1,1,3,"Lost costumer"
"16752","372","1","207.50",1,1,1,3,"Lost costumer"
"13065","372","1","205.86",1,1,1,3,"Lost costumer"
"14576","371","1","35.40",1,2,1,4,"Lost costumer"
"14589","371","1","39.75",1,1,1,3,"Lost costumer"
"12738","371","1","155.35",1,1,1,3,"Lost costumer"
"17976","371","1","353.19",1,2,2,5,"Lost costumer"
"16754","371","1","2002.40",1,1,4,6,"Lost costumer"
"17967","371","1","123.07",1,2,1,4,"Lost costumer"
"15823","371","1","15",1,1,1,3,"Lost costumer"
"16781","371","1","311.25",1,2,2,5,"Lost costumer"
"16510","371","1","248.10",1,1,1,3,"Lost costumer"
"13370","371","1","754.87",1,1,3,5,"Lost costumer"
"13011","371","1","50.55",1,1,1,3,"Lost costumer"
"12686","371","1","89.14",1,1,1,3,"Lost costumer"
"17850","371","34","5391.21",1,4,4,9,"Lost costumer"
"16926","370","1","230.25",1,1,1,3,"Lost costumer"
"12725","370","1","427.80",1,1,2,4,"Lost costumer"
"14813","369","2","155.43",1,2,1,4,"Lost costumer"
"16718","368","1","623.75",1,1,2,4,"Lost costumer"
"15899","368","1","56.25",1,1,1,3,"Lost costumer"
"18113","368","1","76.32",1,1,1,3,"Lost costumer"
"15880","368","1","343.28",1,2,2,5,"Lost costumer"
"16858","368","1","375.69",1,2,2,5,"Lost costumer"
"17860","368","1","252.80",1,1,1,3,"Lost costumer"
"16658","367","1","123.24",1,2,1,4,"Lost costumer"
"18119","367","1","181.12",1,1,1,3,"Lost costumer"
"13786","366","1","230.40",1,1,1,3,"Lost costumer"
"14821","366","1","48.80",1,1,1,3,"Lost costumer"
"16893","366","1","145.93",1,1,1,3,"Lost costumer"
"15180","366","1","87.50",1,1,1,3,"Lost costumer"
"12441","366","1","173.55",1,1,1,3,"Lost costumer"
"13807","366","1","112.60",1,2,1,4,"Lost costumer"
"16125","366","1","289.35",1,1,1,3,"Lost costumer"
"15973","366","1","307.82",1,2,2,5,"Lost costumer"
"15332","365","4","1661.06",1,3,3,7,"Lost costumer"
"12797","365","1","254.03",1,1,1,3,"Lost costumer"
"18269","365","1","168.60",1,1,1,3,"Lost costumer"
"14437","365","1","63.00",1,1,1,3,"Lost costumer"
"16679","365","1","129.75",1,1,1,3,"Lost costumer"
"14355","365","1","174.40",1,1,1,3,"Lost costumer"
"13369","365","1","308.28",1,2,2,5,"Lost costumer"
"15221","365","1","403.25",1,2,2,5,"Lost costumer"
"13270","365","1","590.00",1,1,2,4,"Lost costumer"
"14932","365","1","363.53",1,2,2,5,"Lost costumer"
"15347","365","1","201.60",1,1,1,3,"Lost costumer"
"16065","364","1","372.09",1,2,2,5,"Lost costumer"
"15723","364","1","203.10",1,1,1,3,"Lost costumer"
"17456","364","1","249.86",1,1,1,3,"Lost costumer"
"16795","364","1","414.88",1,1,2,4,"Lost costumer"
"17880","364","1","458.92",1,1,2,4,"Lost costumer"
"17978","364","1","300.92",1,1,1,3,"Lost costumer"
"14082","364","1","182.25",1,1,1,3,"Lost costumer"
"15945","364","1","181.00",1,1,1,3,"Lost costumer"
"12785","363","1","311.95",1,2,2,5,"Lost costumer"
"16727","363","1","272.82",1,1,1,3,"Lost costumer"
"16565","363","1","173.70",1,1,1,3,"Lost costumer"
"17251","362","1","283.28",1,1,1,3,"Lost costumer"
"15503","362","1","147.09",1,1,1,3,"Lost costumer"
"14413","361","1","122.70",1,2,1,4,"Lost costumer"
"15361","361","1","418.92",1,1,2,4,"Lost costumer"
"16665","361","1","135.40",1,1,1,3,"Lost costumer"
"18004","361","1","169.47",1,1,1,3,"Lost costumer"
"15454","361","1","179.10",1,1,1,3,"Lost costumer"
"17303","360","1","250.04",1,1,1,3,"Lost costumer"
"16202","360","1","365.27",1,2,2,5,"Lost costumer"
"16812","360","1","479.35",1,1,2,4,"Lost costumer"
"17524","360","1","145.00",1,1,1,3,"Lost costumer"
"13948","360","1","102.00",1,1,1,3,"Lost costumer"
"13295","359","1","201.20",1,1,1,3,"Lost costumer"
"17525","359","1","422.70",1,1,2,4,"Lost costumer"
"16499","359","2","365.45",1,2,2,5,"Lost costumer"
"17496","358","1","271.05",1,1,1,3,"Lost costumer"
"17752","358","1","80.64",1,1,1,3,"Lost costumer"
"18050","358","1","74.40",1,1,1,3,"Lost costumer"
"17551","358","1","306.84",1,1,1,3,"Lost costumer"
"13874","357","1","540.45",1,1,2,4,"Lost costumer"
"15224","357","2","322.08",1,2,2,5,"Lost costumer"
"17691","357","2","290.40",1,2,1,4,"Lost costumer"
"14373","357","1","76.55",1,1,1,3,"Lost costumer"
"12967","357","2","1660.90",1,3,3,7,"Lost costumer"
"18176","357","1","476.35",1,1,2,4,"Lost costumer"
"15789","357","1","351.30",1,2,2,5,"Lost costumer"
"12551","357","1","168.00",1,1,1,3,"Lost costumer"
"13033","356","1","190.55",1,1,1,3,"Lost costumer"
"15160","356","1","158.16",1,1,1,3,"Lost costumer"
"15204","356","1","316.58",1,2,2,5,"Lost costumer"
"15279","354","1","290.51",1,1,1,3,"Lost costumer"
"17343","354","1","193.64",1,1,1,3,"Lost costumer"
"15460","353","1","216.76",1,1,1,3,"Lost costumer"
"16270","352","1","1141.24",1,2,3,6,"Lost costumer"
"12734","352","1","110.40",1,2,1,4,"Lost costumer"
"12515","352","1","383.70",1,2,2,5,"Lost costumer"
"13922","351","1","172.25",1,1,1,3,"Lost costumer"
"15562","351","1","134.55",1,1,1,3,"Lost costumer"
"13304","350","1","300.42",1,1,1,3,"Lost costumer"
"16282","339","1","168.30",1,1,1,3,"Lost costumer"
"15464","337","1","1048.85",1,2,3,6,"Lost costumer"
"15266","337","1","119.30",1,2,1,4,"Lost costumer"
"12386","337","2","401.90",1,2,2,5,"Lost costumer"
"13187","336","1","236.02",1,1,1,3,"Lost costumer"
"12829","336","2","293.00",1,2,1,4,"Lost costumer"
"15607","336","1","104.76",1,1,1,3,"Lost costumer"
"12501","336","1","2169.39",1,1,4,6,"Lost costumer"
"15649","335","2","816.00",1,2,3,6,"Lost costumer"
"12489","335","1","334.93",1,2,2,5,"Lost costumer"
"14889","335","1","135.90",1,1,1,3,"Lost costumer"
"12793","334","2","545.48",1,2,2,5,"Lost costumer"
"12651","334","1","114.00",1,2,1,4,"Lost costumer"
"17128","334","1","157.09",1,1,1,3,"Lost costumer"
"15100","333","3","876.00",1,3,3,7,"Lost costumer"
"18032","333","1","73.50",1,1,1,3,"Lost costumer"
"15326","333","1","311.71",1,2,2,5,"Lost costumer"
"16850","333","1","332.41",1,2,2,5,"Lost costumer"
"17406","332","3","2200.42",1,3,4,8,"Lost costumer"
"13144","332","1","110.95",1,2,1,4,"Lost costumer"
"12736","332","1","234.00",1,1,1,3,"Lost costumer"
"16351","332","1","153.90",1,1,1,3,"Lost costumer"
"15346","332","1","252.42",1,1,1,3,"Lost costumer"
"14270","331","1","492.65",1,1,2,4,"Lost costumer"
"17569","331","1","344.14",1,2,2,5,"Lost costumer"
"15171","330","1","1289.50",1,2,3,6,"Lost costumer"
"15510","330","1","250",1,1,1,3,"Lost costumer"
"14185","330","1","197.65",1,1,1,3,"Lost costumer"
"12652","330","1","919.98",1,2,3,6,"Lost costumer"
"16315","330","1","226.37",1,1,1,3,"Lost costumer"
"15447","330","1","155.17",1,1,1,3,"Lost costumer"
"13284","330","1","201.19",1,1,1,3,"Lost costumer"
"18106","329","1","430.70",1,1,2,4,"Lost costumer"
"12672","329","1","225.90",1,1,1,3,"Lost costumer"
"18085","329","2","689.95",1,2,3,6,"Lost costumer"
"13385","329","1","534.57",1,1,2,4,"Lost costumer"
"15316","326","1","165.00",1,1,1,3,"Lost costumer"
"12872","326","2","599.97",1,2,2,5,"Lost costumer"
"13859","325","1","201.16",1,1,1,3,"Lost costumer"
"12346","325","1","77183.60",1,1,4,6,"Lost costumer"
"13898","325","1","155.93",1,1,1,3,"Lost costumer"
"18212","325","1","248.42",1,1,1,3,"Lost costumer"
"18233","325","1","440",1,1,2,4,"Lost costumer"
"15395","325","1","107.45",1,2,1,4,"Lost costumer"
"14238","325","1","146.85",1,1,1,3,"Lost costumer"
"12665","324","1","63.00",1,1,1,3,"Lost costumer"
"14090","324","1","76.32",1,1,1,3,"Lost costumer"
"17862","323","1","330.90",1,2,2,5,"Lost costumer"
"15262","323","1","178.95",1,1,1,3,"Lost costumer"
"15174","322","1","135.75",1,1,1,3,"Lost costumer"
"12402","322","1","225.60",1,1,1,3,"Lost costumer"
"13008","322","1","229.47",1,1,1,3,"Lost costumer"
"15422","322","2","97.70",1,2,1,4,"Lost costumer"
"17890","322","2","602.09",1,2,2,5,"Lost costumer"
"16387","322","1","94.36",1,1,1,3,"Lost costumer"
"17094","321","1","302.00",1,1,1,3,"Lost costumer"
"17714","320","1","153.00",1,1,1,3,"Lost costumer"
"15167","320","1","163.00",1,1,1,3,"Lost costumer"
"15820","319","1","206.98",1,1,1,3,"Lost costumer"
"14782","319","1","200.10",1,1,1,3,"Lost costumer"
"14439","319","1","2661.24",1,1,4,6,"Lost costumer"
"14368","319","1","155.00",1,1,1,3,"Lost costumer"
"14068","319","1","265.85",1,1,1,3,"Lost costumer"
"15222","318","1","585.00",1,1,2,4,"Lost costumer"
"13615","318","1","417.69",1,1,2,4,"Lost costumer"
"16757","318","1","106.83",1,2,1,4,"Lost costumer"
"13551","318","1","91.80",1,1,1,3,"Lost costumer"
"14130","318","1","483.86",1,1,2,4,"Lost costumer"
"15213","318","2","328.35",1,2,2,5,"Lost costumer"
"15052","318","1","215.78",1,1,1,3,"Lost costumer"
"13002","317","1","120.95",1,2,1,4,"Lost costumer"
"16222","317","1","846.72",1,1,3,5,"Lost costumer"
"17118","317","1","157.02",1,1,1,3,"Lost costumer"
"14248","317","1","302.58",1,1,1,3,"Lost costumer"
"13703","317","1","99.50",1,1,1,3,"Lost costumer"
"12591","316","1","452.85",1,1,2,4,"Lost costumer"
"16124","316","1","249.00",1,1,1,3,"Lost costumer"
"15661","316","2","309.80",1,2,2,5,"Lost costumer"
"12764","316","1","1693.88",1,1,4,6,"Lost costumer"
"13328","315","1","1308.48",1,1,3,5,"Lost costumer"
"12574","315","1","218.45",1,1,1,3,"Lost costumer"
"13506","315","2","458.52",1,2,2,5,"Lost costumer"
"12377","314","2","1628.12",1,3,3,7,"Lost costumer"
"12735","314","2","779.57",1,2,3,6,"Lost costumer"
"17062","313","4","538.37",1,3,2,6,"Lost costumer"
"15415","312","1","572.81",1,1,2,4,"Lost costumer"
"13161","312","1","112.75",1,2,1,4,"Lost costumer"
"17239","312","1","382.50",1,2,2,5,"Lost costumer"
"15448","312","1","494.64",1,1,2,4,"Lost costumer"
"18095","312","2","580.05",1,2,2,5,"Lost costumer"
"17431","312","1","403.30",1,2,2,5,"Lost costumer"
"12929","311","1","117.85",1,2,1,4,"Lost costumer"
"14850","311","1","325.75",1,2,2,5,"Lost costumer"
"14496","311","2","538.81",1,2,2,5,"Lost costumer"
"13600","311","1","219.52",1,1,1,3,"Lost costumer"
"17619","311","1","218.52",1,1,1,3,"Lost costumer"
"17356","311","1","178.22",1,1,1,3,"Lost costumer"
"16403","311","1","177.50",1,1,1,3,"Lost costumer"
"13494","311","1","316.26",1,2,2,5,"Lost costumer"
"15881","311","5","501.39",1,4,2,7,"Lost costumer"
"15107","310","6","319.50",1,4,2,7,"Lost costumer"
"14457","310","1","113.64",1,2,1,4,"Lost costumer"
"12373","310","1","364.60",1,2,2,5,"Lost costumer"
"15226","310","1","154.41",1,1,1,3,"Lost costumer"
"14411","310","1","1063.00",1,2,3,6,"Lost costumer"
"12559","310","2","561.71",1,2,2,5,"Lost costumer"
"15940","310","1","35.80",1,1,1,3,"Lost costumer"
"14549","310","1","289.24",1,1,1,3,"Lost costumer"
"16030","309","1","331.24",1,2,2,5,"Lost costumer"
"17223","309","2","426.79",1,2,2,5,"Lost costumer"
"12350","309","1","334.40",1,2,2,5,"Lost costumer"
"13800","309","1","558.32",1,1,2,4,"Lost costumer"
"17912","309","5","311.01",1,4,2,7,"Lost costumer"
"18250","309","1","349.27",1,2,2,5,"Lost costumer"
"17517","308","1","153.94",1,1,1,3,"Lost costumer"
"14497","308","1","475.37",1,1,2,4,"Lost costumer"
"13581","308","1","118.00",1,2,1,4,"Lost costumer"
"12410","308","2","693.33",1,2,3,6,"Lost costumer"
"17226","308","1","393.49",1,2,2,5,"Lost costumer"
"15090","307","1","381.32",1,2,2,5,"Lost costumer"
"17291","307","1","550.80",1,1,2,4,"Lost costumer"
"13963","307","4","664.54",1,3,2,6,"Lost costumer"
"13584","306","1","142.40",1,1,1,3,"Lost costumer"
"17392","306","2","457.91",1,2,2,5,"Lost costumer"
"14600","305","1","393.33",1,2,2,5,"Lost costumer"
"12956","305","1","108.07",1,2,1,4,"Lost costumer"
"15808","305","4","3734.97",1,3,4,8,"Lost costumer"
"14438","305","1","131.90",1,1,1,3,"Lost costumer"
"17859","304","1","148.21",1,1,1,3,"Lost costumer"
"13809","304","1","155.05",1,1,1,3,"Lost costumer"
"15753","304","1","79.20",1,1,1,3,"Lost costumer"
"14048","304","1","409.93",1,1,2,4,"Lost costumer"
"15970","303","1","314.10",1,2,2,5,"Lost costumer"
"15843","303","1","118.95",1,2,1,4,"Lost costumer"
"17881","303","1","133.35",1,1,1,3,"Lost costumer"
"12401","302","1","84.30",1,1,1,3,"Lost costumer"
"13706","302","1","330.79",1,2,2,5,"Lost costumer"
"14431","302","1","470.36",1,1,2,4,"Lost costumer"
"17843","302","1","205.48",1,1,1,3,"Lost costumer"
"12561","302","1","238.85",1,1,1,3,"Lost costumer"
"17358","302","2","365.85",1,2,2,5,"Lost costumer"
"16405","301","2","167.25",1,2,1,4,"Lost costumer"
"13819","301","3","1140.35",1,3,3,7,"Lost costumer"
"16725","301","7","781.02",1,4,3,8,"Lost costumer"
"17334","301","2","307.02",1,2,1,4,"Lost costumer"
"16425","301","1","302.70",1,1,1,3,"Lost costumer"
"14081","301","2","934.52",1,3,3,7,"Lost costumer"
"13672","300","2","186.39",1,2,1,4,"Lost costumer"
"18159","300","1","530.15",1,1,2,4,"Lost costumer"
"16084","298","1","436.18",1,1,2,4,"Lost costumer"
"15236","298","1","321.05",1,2,2,5,"Lost costumer"
"16897","298","2","289.78",1,2,1,4,"Lost costumer"
"17829","298","1","889.24",1,1,3,5,"Lost costumer"
"16738","297","1","3.75",1,1,1,3,"Lost costumer"
"13893","297","1","821.10",1,1,3,5,"Lost costumer"
"15670","296","1","173.05",1,1,1,3,"Lost costumer"
"14176","296","4","576.90",1,3,2,6,"Lost costumer"
"14935","296","1","1784.71",1,1,4,6,"Lost costumer"
"14760","296","1","89.20",1,1,1,3,"Lost costumer"
"16509","296","1","363.70",1,2,2,5,"Lost costumer"
"16494","296","1","826.53",1,1,3,5,"Lost costumer"
"14386","296","1","142.40",1,1,1,3,"Lost costumer"
"16073","296","1","122.40",1,2,1,4,"Lost costumer"
"16148","295","1","76.32",1,1,1,3,"Lost costumer"
"13151","295","1","1257.87",1,2,3,6,"Lost costumer"
"14371","294","1","100.50",1,1,1,3,"Lost costumer"
"18138","294","1","152.65",1,1,1,3,"Lost costumer"
"12852","294","1","311.55",1,2,2,5,"Lost costumer"
"13932","294","1","307.40",1,1,1,3,"Lost costumer"
"16765","293","1","34.0",1,2,1,4,"Lost costumer"
"12988","291","1","535.32",1,1,2,4,"Lost costumer"
"12707","291","1","603.42",1,1,2,4,"Lost costumer"
"13044","290","1","560.47",1,1,2,4,"Lost costumer"
"16546","290","2","787.15",1,2,3,6,"Lost costumer"
"12365","290","2","641.38",1,2,2,5,"Lost costumer"
"16349","290","1","53.50",1,1,1,3,"Lost costumer"
"15303","289","1","574.02",1,1,2,4,"Lost costumer"
"16913","289","1","113.44",1,2,1,4,"Lost costumer"
"18114","289","1","220.10",1,1,1,3,"Lost costumer"
"17499","289","1","622.88",1,1,2,4,"Lost costumer"
"15397","289","1","94.00",1,1,1,3,"Lost costumer"
"18068","288","1","101.70",1,1,1,3,"Lost costumer"
"17171","288","1","224.91",1,1,1,3,"Lost costumer"
"12565","288","1","145.92",1,1,1,3,"Lost costumer"
"16072","287","1","584.32",1,1,2,4,"Lost costumer"
"12945","287","1","462.95",1,1,2,4,"Lost costumer"
"13753","287","1","741.26",1,1,3,5,"Lost costumer"
"13501","287","1","1340.32",1,1,3,5,"Lost costumer"
"13345","287","1","389.50",1,2,2,5,"Lost costumer"
"16997","287","3","702.00",1,3,3,7,"Lost costumer"
"13751","287","1","296.25",1,1,1,3,"Lost costumer"
"15543","287","1","127.86",1,1,1,3,"Lost costumer"
"17117","287","1","116.20",1,2,1,4,"Lost costumer"
"18056","287","1","363.65",1,2,2,5,"Lost costumer"
"12361","286","1","189.90",1,1,1,3,"Lost costumer"
"13973","286","1","264.70",1,1,1,3,"Lost costumer"
"16598","285","1","145.05",1,1,1,3,"Lost costumer"
"13684","285","1","67.23",1,1,1,3,"Lost costumer"
"14036","284","1","626.65",1,1,2,4,"Lost costumer"
"15709","283","1","133.25",1,1,1,3,"Lost costumer"
"12509","283","1","176.50",1,1,1,3,"Lost costumer"
"15319","283","1","204.50",1,1,1,3,"Lost costumer"
"14046","283","1","154.99",1,1,1,3,"Lost costumer"
"17165","283","1","158.68",1,1,1,3,"Lost costumer"
"16078","283","1","79.20",1,1,1,3,"Lost costumer"
"16339","283","1","109.95",1,2,1,4,"Lost costumer"
"15456","282","3","447.22",1,3,2,6,"Lost costumer"
"12834","282","1","312.38",1,2,2,5,"Lost costumer"
"15257","282","1","317.15",1,2,2,5,"Lost costumer"
"13166","282","1","417.20",1,1,2,4,"Lost costumer"
"13497","282","2","348.05",1,2,2,5,"Lost costumer"
"15733","282","1","162.30",1,1,1,3,"Lost costumer"
"12866","282","1","559.12",1,1,2,4,"Lost costumer"
"14483","281","1","137.10",1,1,1,3,"Lost costumer"
"16792","281","2","110.38",1,2,1,4,"Lost costumer"
"12873","281","1","374.00",1,2,2,5,"Lost costumer"
"17923","281","1","207.50",1,1,1,3,"Lost costumer"
"16159","281","1","348.20",1,2,2,5,"Lost costumer"
"15087","281","1","306.94",1,1,1,3,"Lost costumer"
"17995","281","1","76.10",1,1,1,3,"Lost costumer"
"13715","280","5","1079.34",1,4,3,8,"Lost costumer"
"17508","280","1","387.31",1,2,2,5,"Lost costumer"
"12817","280","1","166.04",1,1,1,3,"Lost costumer"
"13382","280","1","222.99",1,1,1,3,"Lost costumer"
"12755","280","2","3811.95",1,3,4,8,"Lost costumer"
"14570","280","2","218.06",1,2,1,4,"Lost costumer"
"17789","280","1","225.90",1,1,1,3,"Lost costumer"
"14779","280","3","386.15",1,3,2,6,"Lost costumer"
"17535","279","1","164.40",1,1,1,3,"Lost costumer"
"17325","279","1","96.80",1,1,1,3,"Lost costumer"
"14670","279","2","411.53",1,2,2,5,"Lost costumer"
"14012","277","1","328.80",1,2,2,5,"Lost costumer"
"18280","277","1","180.60",1,1,1,3,"Lost costumer"
"12614","277","1","315.60",1,2,2,5,"Lost costumer"
"14247","277","1","136.77",1,1,1,3,"Lost costumer"
"15554","277","1","217.20",1,1,1,3,"Lost costumer"
"16917","276","1","391.52",1,2,2,5,"Lost costumer"
"15944","276","1","325.10",1,2,2,5,"Lost costumer"
"16517","276","1","162.70",1,1,1,3,"Lost costumer"
"17654","276","1","117.55",1,2,1,4,"Lost costumer"
"15869","276","2","149.64",1,2,1,4,"Lost costumer"
"14586","276","1","237.36",1,1,1,3,"Lost costumer"
"15234","276","1","197.00",1,1,1,3,"Lost costumer"
"12623","275","1","305.10",1,1,1,3,"Lost costumer"
"12881","275","1","298.00",1,1,1,3,"Lost costumer"
"13093","275","8","7832.47",1,4,4,9,"Lost costumer"
"17639","275","1","108.50",1,2,1,4,"Lost costumer"
"14165","275","1","122.54",1,2,1,4,"Lost costumer"
"17138","275","1","380.50",1,2,2,5,"Lost costumer"
"13493","274","2","618.63",1,2,2,5,"Lost costumer"
"16471","274","1","223.95",1,1,1,3,"Lost costumer"
"14603","274","1","660.00",1,1,2,4,"Lost costumer"
"16625","274","1","333.08",1,2,2,5,"Lost costumer"
"15057","274","2","1489.50",1,3,3,7,"Lost costumer"
"15049","273","1","121.17",1,2,1,4,"Lost costumer"
"14350","273","1","282.93",1,1,1,3,"Lost costumer"
"17194","273","2","262.62",1,2,1,4,"Lost costumer"
"14114","273","2","386.53",1,2,2,5,"Lost costumer"
"15308","273","1","310.47",1,2,2,5,"Lost costumer"
"14727","273","1","268.58",1,1,1,3,"Lost costumer"
"18086","273","1","101.34",1,1,1,3,"Lost costumer"
"13133","273","2","109.80",1,2,1,4,"Lost costumer"
"16766","272","2","1145.60",1,3,3,7,"Lost costumer"
"13043","272","1","516.42",1,1,2,4,"Lost costumer"
"13226","272","1","108.21",1,2,1,4,"Lost costumer"
"14962","270","1","126.70",1,1,1,3,"Lost costumer"
"13708","270","1","296.88",1,1,1,3,"Lost costumer"
"15388","269","1","140.54",1,1,1,3,"Lost costumer"
"16392","269","1","221.19",1,1,1,3,"Lost costumer"
"15047","269","1","343.62",1,2,2,5,"Lost costumer"
"16037","269","3","855.02",1,3,3,7,"Lost costumer"
"17542","269","1","170.75",1,1,1,3,"Lost costumer"
"16297","268","1","301.90",1,1,1,3,"Lost costumer"
"13121","268","1","283.73",1,1,1,3,"Lost costumer"
"13358","268","1","439.03",1,1,2,4,"Lost costumer"
"13716","268","1","138.28",1,1,1,3,"Lost costumer"
"16152","268","1","1829.04",1,1,4,6,"Lost costumer"
"13261","268","2","944.10",1,3,3,7,"Lost costumer"
"13299","267","1","142.50",1,1,1,3,"Lost costumer"
"14840","267","1","62.85",1,1,1,3,"Lost costumer"
"13185","267","1","71.40",1,1,1,3,"Lost costumer"
"13216","267","1","333.74",1,2,2,5,"Lost costumer"
"15019","266","1","266.00",1,1,1,3,"Lost costumer"
"14059","266","1","183.60",1,1,1,3,"Lost costumer"
"16216","266","1","914.93",1,1,3,5,"Lost costumer"
"14066","266","1","152.55",1,1,1,3,"Lost costumer"
"13072","266","1","177.15",1,1,1,3,"Lost costumer"
"15695","266","2","409.98",1,2,2,5,"Lost costumer"
"13707","266","2","806.41",1,2,3,6,"Lost costumer"
"12514","266","1","1017.68",1,2,3,6,"Lost costumer"
"16976","266","1","251.52",1,1,1,3,"Lost costumer"
"16256","266","1","752.43",1,1,3,5,"Lost costumer"
"16716","266","2","901.20",1,2,3,6,"Lost costumer"
"12845","266","4","354.09",1,3,2,6,"Lost costumer"
"16377","266","1","676.20",1,1,3,5,"Lost costumer"
"14633","265","1","344.90",1,2,2,5,"Lost costumer"
"14155","265","1","118.75",1,2,1,4,"Lost costumer"
"14041","265","1","141.41",1,1,1,3,"Lost costumer"
"17060","265","1","234.24",1,1,1,3,"Lost costumer"
"16402","264","2","299.60",1,2,1,4,"Lost costumer"
"14693","264","1","172.90",1,1,1,3,"Lost costumer"
"12902","264","1","138.68",1,1,1,3,"Lost costumer"
"15703","264","1","211.50",1,1,1,3,"Lost costumer"
"16619","263","1","226.21",1,1,1,3,"Lost costumer"
"17230","263","8","3638.41",1,4,4,9,"Lost costumer"
"17678","263","1","298.11",1,1,1,3,"Lost costumer"
"13934","263","1","922.10",1,2,3,6,"Lost costumer"
"15408","263","1","267.18",1,1,1,3,"Lost costumer"
"18224","263","1","158.95",1,1,1,3,"Lost costumer"
"14762","263","1","300.52",1,1,1,3,"Lost costumer"
"16096","263","1","320.62",1,2,2,5,"Lost costumer"
"15445","263","1","113.50",1,2,1,4,"Lost costumer"
"16135","262","1","517.55",1,1,2,4,"Lost costumer"
"14632","262","1","114.56",1,2,1,4,"Lost costumer"
"16427","262","2","241.06",1,2,1,4,"Lost costumer"
"13262","262","1","200.29",1,1,1,3,"Lost costumer"
"17763","262","1","15.00",1,1,1,3,"Lost costumer"
"15437","261","1","200.16",1,1,1,3,"Lost costumer"
"16721","261","1","292.47",1,1,1,3,"Lost costumer"
"13239","261","1","329.56",1,2,2,5,"Lost costumer"
"12831","261","1","215.05",1,1,1,3,"Lost costumer"
"13132","261","1","77.30",1,1,1,3,"Lost costumer"
"17507","261","2","605.58",1,2,2,5,"Lost costumer"
"17102","261","1","25.50",1,2,1,4,"Lost costumer"
"12818","261","1","1542.08",1,1,3,5,"Lost costumer"
"18191","261","1","207.80",1,1,1,3,"Lost costumer"
"15457","261","1","237.07",1,1,1,3,"Lost costumer"
"14870","261","1","327.25",1,2,2,5,"Lost costumer"
"16250","260","2","389.44",1,2,2,5,"Lost costumer"
"17698","260","1","154.95",1,1,1,3,"Lost costumer"
"12564","260","1","456.90",1,1,2,4,"Lost costumer"
"13341","260","1","775.85",1,1,3,5,"Lost costumer"
"17486","260","1","396.87",1,2,2,5,"Lost costumer"
"12811","260","3","514.85",1,3,2,6,"Lost costumer"
"13512","260","1","251.21",1,1,1,3,"Lost costumer"
"15178","259","1","40.50",1,1,1,3,"Lost costumer"
"14536","259","1","171.80",1,1,1,3,"Lost costumer"
"16063","259","1","335.32",1,2,2,5,"Lost costumer"
"16769","259","1","380.39",1,2,2,5,"Lost costumer"
"16022","259","1","628.28",1,1,2,4,"Lost costumer"
"14348","259","1","409.57",1,1,2,4,"Lost costumer"
"14256","259","2","969.06",1,3,3,7,"Lost costumer"
"13452","258","2","590",1,2,2,5,"Lost costumer"
"18071","257","2","453.00",1,2,2,5,"Lost costumer"
"14476","256","1","215.70",1,1,1,3,"Lost costumer"
"13357","256","1","609.95",1,1,2,4,"Lost costumer"
"15083","256","1","88.20",1,1,1,3,"Lost costumer"
"18010","256","1","174.80",1,1,1,3,"Lost costumer"
"12792","256","1","400.54",1,2,2,5,"Lost costumer"
"13649","256","2","346.60",1,2,2,5,"Lost costumer"
"13368","256","2","623.40",1,2,2,5,"Lost costumer"
"16692","255","2","1276.00",1,3,3,7,"Lost costumer"
"13803","255","1","277.07",1,1,1,3,"Lost costumer"
"15032","255","3","4959.10",1,3,4,8,"Lost costumer"
"15589","255","3","478.53",1,3,2,6,"Lost costumer"
"17775","254","1","56.40",1,1,1,3,"Lost costumer"
"13439","254","1","283.71",1,1,1,3,"Lost costumer"
"15353","254","2","777.02",1,2,3,6,"Lost costumer"
"16980","254","2","1078.96",1,3,3,7,"Lost costumer"
"15424","254","2","383.34",1,2,2,5,"Lost costumer"
"17438","253","1","388.45",1,2,2,5,"Lost costumer"
"14479","253","2","316.25",1,2,2,5,"Lost costumer"
"13060","253","1","307.53",1,2,2,5,"Lost costumer"
"15894","253","2","263.55",1,2,1,4,"Lost costumer"
"15528","253","1","229.33",1,1,1,3,"Lost costumer"
"15832","253","1","836.79",1,1,3,5,"Lost costumer"
"14890","253","1","125.65",1,2,1,4,"Lost costumer"
"18108","253","1","271.00",1,1,1,3,"Lost costumer"
"17580","252","3","215.72",1,3,1,5,"Lost costumer"
"14886","252","1","364.80",1,2,2,5,"Lost costumer"
"13626","252","1","257.23",1,1,1,3,"Lost costumer"
"14957","252","1","58.49",1,1,1,3,"Lost costumer"
"17212","252","1","226.85",1,1,1,3,"Lost costumer"
"13841","252","1","85.00",1,1,1,3,"Lost costumer"
"17701","252","1","417.95",1,1,2,4,"Lost costumer"
"13462","252","1","151.50",1,1,1,3,"Lost costumer"
"16162","251","1","37.40",1,1,1,3,"Lost costumer"
"15691","251","1","136.80",1,1,1,3,"Lost costumer"
"13781","250","1","127.84",1,1,1,3,"Lost costumer"
"17956","249","1","12.75",1,1,1,3,"Lost costumer"
"16142","249","1","535.34",1,1,2,4,"Lost costumer"
"13059","249","1","183.40",1,1,1,3,"Lost costumer"
"18185","249","1","304.25",1,1,1,3,"Lost costumer"
"15442","248","1","594.00",1,1,2,4,"Lost costumer"
"14747","248","1","328.20",1,2,2,5,"Lost costumer"
"16586","248","1","463.95",1,1,2,4,"Lost costumer"
"16105","248","1","336.96",1,2,2,5,"Lost costumer"
"13863","247","1","305.78",1,1,1,3,"Lost costumer"
"17140","247","1","465.32",1,1,2,4,"Lost costumer"
"17492","247","1","374.57",1,2,2,5,"Lost costumer"
"15917","247","1","123.10",1,2,1,4,"Lost costumer"
"14220","247","2","632.40",1,2,2,5,"Lost costumer"
"13712","246","1","228.84",1,1,1,3,"Lost costumer"
"14981","246","1","102.12",1,1,1,3,"Lost costumer"
"14465","246","3","1058.62",1,3,3,7,"Lost costumer"
"16378","246","3","362.95",1,3,2,6,"Lost costumer"
"13718","246","2","306.55",1,2,1,4,"Lost costumer"
"14964","246","1","206.21",1,1,1,3,"Lost costumer"
"17906","246","1","72.90",1,1,1,3,"Lost costumer"
"16144","246","1","175.20",1,1,1,3,"Lost costumer"
"12580","246","1","415.70",1,1,2,4,"Lost costumer"
"15119","245","1","266.40",1,1,1,3,"Lost costumer"
"17035","245","2","433.53",1,2,2,5,"Lost costumer"
"16623","245","1","129.45",1,1,1,3,"Lost costumer"
"16010","245","3","407.50",1,3,2,6,"Lost costumer"
"15775","245","1","104.90",1,1,1,3,"Lost costumer"
"14924","245","1","310.05",1,2,2,5,"Lost costumer"
"14619","245","1","394.44",1,2,2,5,"Lost costumer"
"15109","245","1","484.95",1,1,2,4,"Lost costumer"
"16643","245","1","487.51",1,1,2,4,"Lost costumer"
"13508","243","1","110.97",1,2,1,4,"Lost costumer"
"13570","243","1","239.49",1,1,1,3,"Lost costumer"
"12447","243","1","476.49",1,1,2,4,"Lost costumer"
"14339","242","1","309.52",1,2,2,5,"Lost costumer"
"14311","242","1","310.26",1,2,2,5,"Lost costumer"
"15655","242","1","560.67",1,1,2,4,"Lost costumer"
"18129","242","1","112.55",1,2,1,4,"Lost costumer"
"17574","242","1","185.65",1,1,1,3,"Lost costumer"
"12982","242","1","390.54",1,2,2,5,"Lost costumer"
"16552","242","2","379.73",1,2,2,5,"Lost costumer"
"14616","242","3","406.08",1,3,2,6,"Lost costumer"
"14326","241","1","183.85",1,1,1,3,"Lost costumer"
"17972","241","1","136.04",1,1,1,3,"Lost costumer"
"17278","241","1","246.04",1,1,1,3,"Lost costumer"
"15212","241","1","101.80",1,1,1,3,"Lost costumer"
"14669","241","3","1269.99",1,3,3,7,"Lost costumer"
"15777","240","4","1047.11",1,3,3,7,"Lost costumer"
"16097","240","1","185.05",1,1,1,3,"Lost costumer"
"13740","240","1","350.75",1,2,2,5,"Lost costumer"
"13484","240","1","313.80",1,2,2,5,"Lost costumer"
"16697","240","1","112.75",1,2,1,4,"Lost costumer"
"13221","239","2","847.41",1,2,3,6,"Lost costumer"
"17746","239","1","110.25",1,2,1,4,"Lost costumer"
"15147","239","1","623.50",1,1,2,4,"Lost costumer"
"15935","239","2","416.86",1,2,2,5,"Lost costumer"
"15139","239","2","178.96",1,2,1,4,"Lost costumer"
"17142","238","1","579.00",1,1,2,4,"Lost costumer"
"12582","238","2","511.36",1,2,2,5,"Lost costumer"
"12769","238","1","1143.60",1,2,3,6,"Lost costumer"
"16957","238","2","416.64",1,2,2,5,"Lost costumer"
"14105","238","1","1266.23",1,2,3,6,"Lost costumer"
"14206","238","1","328.16",1,2,2,5,"Lost costumer"
"14154","238","2","1345.62",1,3,3,7,"Lost costumer"
"17362","238","2","312.23",1,2,2,5,"Lost costumer"
"12639","238","1","486.10",1,1,2,4,"Lost costumer"
"15230","238","2","429.60",1,2,2,5,"Lost costumer"
"17601","238","1","116.01",1,2,1,4,"Lost costumer"
"15135","238","1","139.05",1,1,1,3,"Lost costumer"
"13120","238","1","30.60",1,2,1,4,"Lost costumer"
"17367","237","1","168.40",1,1,1,3,"Lost costumer"
"15246","237","2","514.15",1,2,2,5,"Lost costumer"
"18213","236","1","232.48",1,1,1,3,"Lost costumer"
"12878","236","2","854.99",1,2,3,6,"Lost costumer"
"16193","236","1","314.45",1,2,2,5,"Lost costumer"
"17582","236","1","175.27",1,1,1,3,"Lost costumer"
"17990","236","3","630.84",1,3,2,6,"Lost costumer"
"14532","236","4","932.85",1,3,3,7,"Lost costumer"
"15749","235","3","44534.30",1,3,4,8,"Lost costumer"
"16947","235","1","406.48",1,1,2,4,"Lost costumer"
"12754","235","3","3010.74",1,3,4,8,"Lost costumer"
"13474","235","1","229.59",1,1,1,3,"Lost costumer"
"18009","235","1","257.34",1,1,1,3,"Lost costumer"
"17697","235","1","338.95",1,2,2,5,"Lost costumer"
"16217","235","2","304.25",1,2,1,4,"Lost costumer"
"16617","235","1","151.85",1,1,1,3,"Lost costumer"
"12585","234","2","2040.10",1,3,4,8,"Lost costumer"
"14242","234","2","280.55",1,2,1,4,"Lost costumer"
"14672","234","2","765.55",1,2,3,6,"Lost costumer"
"15717","234","1","150.30",1,1,1,3,"Lost costumer"
"14148","233","1","157.20",1,1,1,3,"Lost costumer"
"12733","233","1","383.95",1,2,2,5,"Lost costumer"
"17217","233","1","113.50",1,2,1,4,"Lost costumer"
"13101","233","1","101.19",1,1,1,3,"Lost costumer"
"17548","233","1","103.30",1,1,1,3,"Lost costumer"
"15225","233","1","409.40",1,1,2,4,"Lost costumer"
"17946","232","2","149.58",1,2,1,4,"Lost costumer"
"15517","232","1","267.03",1,1,1,3,"Lost costumer"
"12506","232","1","73.50",1,1,1,3,"Lost costumer"
"13485","232","1","454.24",1,1,2,4,"Lost costumer"
"12354","232","1","1079.40",1,2,3,6,"Lost costumer"
"17120","232","1","307.46",1,2,2,5,"Lost costumer"
"17718","232","1","139.35",1,1,1,3,"Lost costumer"
"13482","231","1","184.64",1,1,1,3,"Lost costumer"
"12622","231","1","180.10",1,1,1,3,"Lost costumer"
"16163","231","2","856.60",1,2,3,6,"Lost costumer"
"16587","231","1","225.15",1,1,1,3,"Lost costumer"
"14770","231","2","876.42",1,2,3,6,"Lost costumer"
"17670","227","1","205.70",1,1,1,3,"Lost costumer"
"16834","227","1","413.46",1,1,2,4,"Lost costumer"
"17277","227","2","1065.35",1,3,3,7,"Lost costumer"
"12573","226","1","160.54",1,1,1,3,"Lost costumer"
"18183","226","2","632.07",1,2,2,5,"Lost costumer"
"17187","226","1","203.95",1,1,1,3,"Lost costumer"
"16823","226","1","358.38",1,2,2,5,"Lost costumer"
"16698","226","2","1998.00",1,3,4,8,"Lost costumer"
"15891","226","1","524.52",1,1,2,4,"Lost costumer"
"18220","226","1","305.28",1,1,1,3,"Lost costumer"
"16965","226","1","201.19",1,1,1,3,"Lost costumer"
"15223","225","2","755.75",1,2,3,6,"Lost costumer"
"15143","225","1","259.45",1,1,1,3,"Lost costumer"
"14271","225","1","112.32",1,2,1,4,"Lost costumer"
"17893","225","1","112.25",1,2,1,4,"Lost costumer"
"13229","225","1","160.95",1,1,1,3,"Lost costumer"
"16227","225","1","314.22",1,2,2,5,"Lost costumer"
"14022","224","1","440.00",1,1,2,4,"Lost costumer"
"17991","224","2","93.35",1,2,1,4,"Lost costumer"
"15210","224","1","331.18",1,2,2,5,"Lost costumer"
"16634","222","2","217.90",1,2,1,4,"Lost costumer"
"14304","222","1","383.45",1,2,2,5,"Lost costumer"
"16055","220","1","134.80",1,1,1,3,"Lost costumer"
"14149","220","1","446.62",1,1,2,4,"Lost costumer"
"17501","220","2","288.60",1,2,1,4,"Lost costumer"
"17394","219","1","203.87",1,1,1,3,"Lost costumer"
"17443","219","1","534.24",1,1,2,4,"Lost costumer"
"14245","219","2","1693.45",1,3,4,8,"Lost costumer"
"17646","219","3","1008.39",1,3,3,7,"Lost costumer"
"16610","219","1","75.66",1,1,1,3,"Lost costumer"
"17849","218","4","605.80",1,3,2,6,"Lost costumer"
"18239","218","5","1561.61",1,4,3,8,"Lost costumer"
"16990","218","1","179.00",1,1,1,3,"Lost costumer"
"14199","218","1","185.40",1,1,1,3,"Lost costumer"
"16109","218","2","611.88",1,2,2,5,"Lost costumer"
"13731","218","2","610.59",1,2,2,5,"Lost costumer"
"13762","218","1","306.72",1,1,1,3,"Lost costumer"
"13711","218","2","252.06",1,2,1,4,"Lost costumer"
"16457","218","1","208.36",1,1,1,3,"Lost costumer"
"14340","218","1","134.70",1,1,1,3,"Lost costumer"
"17374","218","2","495.77",1,2,2,5,"Lost costumer"
"16714","218","3","1161.53",1,3,3,7,"Lost costumer"
"14697","217","2","188.61",1,2,1,4,"Lost costumer"
"17604","217","2","309.36",1,2,2,5,"Lost costumer"
"14393","217","1","67.95",1,1,1,3,"Lost costumer"
"15668","217","1","76.32",1,1,1,3,"Lost costumer"
"13952","217","2","3251.071",1,3,4,8,"Lost costumer"
"15759","217","3","253.04",1,3,1,5,"Lost costumer"
"18227","217","1","93.75",1,1,1,3,"Lost costumer"
"15235","217","12","2247.51",1,4,4,9,"Lost costumer"
"16319","217","1","404.40",1,1,2,4,"Lost costumer"
"17578","217","1","143.46",1,1,1,3,"Lost costumer"
"17174","217","1","59.90",1,1,1,3,"Lost costumer"
"14423","217","1","265.20",1,1,1,3,"Lost costumer"
"12414","216","3","562.41",1,3,2,6,"Lost costumer"
"18078","216","2","336.13",1,2,2,5,"Lost costumer"
"13723","216","1","199.85",1,1,1,3,"Lost costumer"
"15552","216","1","90.12",1,1,1,3,"Lost costumer"
"13642","215","1","354.80",1,2,2,5,"Lost costumer"
"13561","215","1","141.86",1,1,1,3,"Lost costumer"
"14161","215","3","1110.52",1,3,3,7,"Lost costumer"
"18120","214","1","111.15",1,2,1,4,"Lost costumer"
"16756","214","1","239.40",1,1,1,3,"Lost costumer"
"14353","214","1","90.60",1,1,1,3,"Lost costumer"
"12355","214","1","459.40",1,1,2,4,"Lost costumer"
"15092","214","2","457.81",1,2,2,5,"Lost costumer"
"16306","213","6","632.27",1,4,2,7,"Lost costumer"
"12888","213","2","354.12",1,2,2,5,"Lost costumer"
"15381","213","2","596.85",1,2,2,5,"Lost costumer"
"14288","213","1","426.60",1,1,2,4,"Lost costumer"
"12821","213","1","92.72",1,1,1,3,"Lost costumer"
"14699","213","1","109.13",1,2,1,4,"Lost costumer"
"15063","213","1","370.80",1,2,2,5,"Lost costumer"
"17597","213","1","2044.37",1,1,4,6,"Lost costumer"
"15433","213","2","533.30",1,2,2,5,"Lost costumer"
"14920","212","2","977.77",1,3,3,7,"Lost costumer"
"15729","212","1","85.00",1,1,1,3,"Lost costumer"
"15079","212","4","895.61",1,3,3,7,"Lost costumer"
"13990","212","1","311.30",1,2,2,5,"Lost costumer"
"16431","212","3","642.81",1,3,2,6,"Lost costumer"
"16116","211","1","612.78",1,1,2,4,"Lost costumer"
"16244","211","2","1522.75",1,3,3,7,"Lost costumer"
"16943","211","3","816.73",1,3,3,7,"Lost costumer"
"12625","211","2","2683.82",1,3,4,8,"Lost costumer"
"18218","211","2","662.08",1,2,2,5,"Lost costumer"
"13235","211","1","1031.07",1,2,3,6,"Lost costumer"
"16006","211","1","101.40",1,1,1,3,"Lost costumer"
"18133","211","1","931.50",1,2,3,6,"Lost costumer"
"14988","211","1","334.54",1,2,2,5,"Lost costumer"
"17889","211","2","203.87",1,2,1,4,"Lost costumer"
"12976","211","1","738.60",1,1,3,5,"Lost costumer"
"13837","211","2","271.24",1,2,1,4,"Lost costumer"
"13052","211","1","348.15",1,2,2,5,"Lost costumer"
"15732","211","2","294.12",1,2,1,4,"Lost costumer"
"12857","210","2","1106.40",1,3,3,7,"Lost costumer"
"12590","210","2","9864.26",1,3,4,8,"Lost costumer"
"14000","210","1","635.66",1,1,2,4,"Lost costumer"
"12770","210","1","1351.45",1,1,3,5,"Lost costumer"
"17970","210","1","582.59",1,1,2,4,"Lost costumer"
"14873","209","1","519.68",1,1,2,4,"Lost costumer"
"15333","208","1","1028.56",1,2,3,6,"Lost costumer"
"14689","208","1","112.80",1,2,1,4,"Lost costumer"
"17263","207","1","63.44",1,1,1,3,"Lost costumer"
"15813","207","2","1303.91",1,3,3,7,"Lost costumer"
"13976","206","1","357.98",1,2,2,5,"Lost costumer"
"14489","206","1","463.38",1,1,2,4,"Lost costumer"
"14888","206","1","369.20",1,2,2,5,"Lost costumer"
"14320","206","2","477.79",1,2,2,5,"Lost costumer"
"17504","206","9","2997.03",1,4,4,9,"Lost costumer"
"13572","205","1","1384.25",1,1,3,5,"Lost costumer"
"17556","205","1","157.90",1,1,1,3,"Lost costumer"
"14620","205","2","412.78",1,2,2,5,"Lost costumer"
"12690","205","1","389.01",1,2,2,5,"Lost costumer"
"13659","205","2","1573.20",1,3,3,7,"Lost costumer"
"14896","204","2","468.77",1,2,2,5,"Lost costumer"
"17245","204","1","171.45",1,1,1,3,"Lost costumer"
"12897","204","2","216.50",1,2,1,4,"Lost costumer"
"17871","204","1","155.90",1,1,1,3,"Lost costumer"
"13531","204","2","483.80",1,2,2,5,"Lost costumer"
"14442","204","2","1589.82",1,3,3,7,"Lost costumer"
"17455","203","1","131.70",1,1,1,3,"Lost costumer"
"12353","203","1","89.00",1,1,1,3,"Lost costumer"
"13391","203","1","59.80",1,1,1,3,"Lost costumer"
"13887","203","1","349.55",1,2,2,5,"Lost costumer"
"13243","203","1","600.07",1,1,2,4,"Lost costumer"
"15648","203","2","657.35",1,2,2,5,"Lost costumer"
"18048","202","2","172.29",1,2,1,4,"Lost costumer"
"16226","202","3","255.12",1,3,1,5,"Lost costumer"
"13227","201","1","257.70",1,1,1,3,"Lost costumer"
"17176","201","1","306.13",1,1,1,3,"Lost costumer"
"14647","201","1","243.22",1,1,1,3,"Lost costumer"
"14195","201","2","1012.00",1,3,3,7,"Lost costumer"
"13479","200","2","300.95",1,2,1,4,"Lost costumer"
"13339","200","1","860.12",1,1,3,5,"Lost costumer"
"15705","200","1","143.10",1,1,1,3,"Lost costumer"
"14817","200","2","1110.34",1,3,3,7,"Lost costumer"
"15292","200","1","180.94",1,1,1,3,"Lost costumer"
"17715","200","1","326.40",1,2,2,5,"Lost costumer"
"13223","200","2","163.20",1,2,1,4,"Lost costumer"
"15724","200","2","218.25",1,2,1,4,"Lost costumer"
"13737","199","1","339.60",1,2,2,5,"Lost costumer"
"18202","199","3","1396.99",1,3,3,7,"Lost costumer"
"16763","198","1","611.85",1,1,2,4,"Lost costumer"
"17375","198","3","400.10",1,3,2,6,"Lost costumer"
"15882","198","4","516.36",1,3,2,6,"Lost costumer"
"17770","198","5","1143.27",1,4,3,8,"Lost costumer"
"14705","198","1","179.00",1,1,1,3,"Lost costumer"
"17955","198","4","557.30",1,3,2,6,"Lost costumer"
"15042","198","1","135.93",1,1,1,3,"Lost costumer"
"15314","198","1","327.97",1,2,2,5,"Lost costumer"
"12547","197","2","207.80",1,2,1,4,"Lost costumer"
"14009","197","2","695.61",1,2,3,6,"Lost costumer"
"16448","197","1","188.89",1,1,1,3,"Lost costumer"
"14985","197","2","296.75",1,2,1,4,"Lost costumer"
"16449","197","2","707.69",1,2,3,6,"Lost costumer"
"16838","197","2","588.85",1,2,2,5,"Lost costumer"
"16356","197","3","211.77",1,3,1,5,"Lost costumer"
"12974","197","1","144.80",1,1,1,3,"Lost costumer"
"14816","197","1","271.85",1,1,1,3,"Lost costumer"
"13135","196","1","3096.00",1,1,4,6,"Lost costumer"
"14740","196","3","1448.21",1,3,3,7,"Lost costumer"
"15104","196","2","1027.44",1,3,3,7,"Lost costumer"
"16275","196","1","559.87",1,1,2,4,"Lost costumer"
"14828","196","3","2139.76",1,3,4,8,"Lost costumer"
"14280","196","1","134.04",1,1,1,3,"Lost costumer"
"12999","196","3","455.88",1,3,2,6,"Lost costumer"
"17550","196","3","267.16",1,3,1,5,"Lost costumer"
"16323","195","1","207.50",1,1,1,3,"Lost costumer"
"14625","195","2","899.63",1,2,3,6,"Lost costumer"
"16034","195","3","437.70",1,3,2,6,"Lost costumer"
"12426","194","1","582.73",1,1,2,4,"Lost costumer"
"15897","194","2","222.05",1,2,1,4,"Lost costumer"
"17152","194","3","1689.50",1,3,4,8,"Lost costumer"
"16889","194","3","1578.67",1,3,3,7,"Lost costumer"
"15925","193","1","207.15",1,1,1,3,"Lost costumer"
"16567","193","2","865.60",1,2,3,6,"Lost costumer"
"17051","193","1","247.14",1,1,1,3,"Lost costumer"
"13398","192","1","457.34",1,1,2,4,"Lost costumer"
"13070","192","1","228.80",1,1,1,3,"Lost costumer"
"16483","192","1","139.35",1,1,1,3,"Lost costumer"
"12790","191","1","324.92",1,2,2,5,"Lost costumer"
"15643","191","3","664.00",1,3,2,6,"Lost costumer"
"18231","191","5","2083.27",1,3,4,8,"Lost costumer"
"18190","191","2","284.46",1,2,1,4,"Lost costumer"
"17454","191","4","517.53",1,3,2,6,"Lost costumer"
"14377","191","2","617.05",1,2,2,5,"Lost costumer"
"16424","191","1","133.56",1,1,1,3,"Lost costumer"
"16810","191","1","309.54",1,2,2,5,"Lost costumer"
"13475","190","4","1431.78",1,3,3,7,"Lost costumer"
"13062","190","1","346.98",1,2,2,5,"Lost costumer"
"17472","190","3","710.29",1,3,3,7,"Lost costumer"
"15918","190","2","334.23",1,2,2,5,"Lost costumer"
"16117","189","1","232.21",1,1,1,3,"Lost costumer"
"13294","189","2","873.74",1,2,3,6,"Lost costumer"
"16230","189","2","542.03",1,2,2,5,"Lost costumer"
"16529","189","1","455.25",1,1,2,4,"Lost costumer"
"14453","189","1","119.93",1,2,1,4,"Lost costumer"
"17531","189","1","296.70",1,1,1,3,"Lost costumer"
"17900","189","2","112.20",1,2,1,4,"Lost costumer"
"15658","189","5","1024.10",1,4,3,8,"Lost costumer"
"12601","189","5","577.06",1,4,2,7,"Lost costumer"
"16659","188","1","39.12",1,1,1,3,"Lost costumer"
"16967","188","1","319.02",1,2,2,5,"Lost costumer"
"15405","188","1","349.10",1,2,2,5,"Lost costumer"
"13885","188","2","506.80",1,2,2,5,"Lost costumer"
"15508","188","6","1000.27",1,4,3,8,"Lost costumer"
"14512","187","2","275.28",1,2,1,4,"Lost costumer"
"17708","187","2","267.08",1,2,1,4,"Lost costumer"
"12468","187","2","729.54",1,2,3,6,"Lost costumer"
"14682","187","2","52.00",1,2,1,4,"Lost costumer"
"16963","187","1","110.55",1,2,1,4,"Lost costumer"
"16883","187","2","276.73",1,2,1,4,"Lost costumer"
"12802","186","1","427.58",1,1,2,4,"Lost costumer"
"15386","186","1","394.14",1,2,2,5,"Lost costumer"
"13682","186","1","59.50",1,1,1,3,"Lost costumer"
"16520","186","3","1046.57",1,3,3,7,"Lost costumer"
"15852","186","2","160.71",1,2,1,4,"Lost costumer"
"16849","186","1","124.57",1,2,1,4,"Lost costumer"
"14542","185","1","103.25",1,1,1,3,"Lost costumer"
"14867","185","3","710.28",1,3,3,7,"Lost costumer"
"16611","185","1","129.49",1,1,1,3,"Lost costumer"
"17874","185","6","683.46",1,4,3,8,"Lost costumer"
"18072","185","1","247.44",1,1,1,3,"Lost costumer"
"12891","185","3","331.00",1,3,2,6,"Lost costumer"
"12868","185","6","1607.06",1,4,3,8,"Lost costumer"
"14375","185","1","257.68",1,1,1,3,"Lost costumer"
"14622","184","1","320.58",1,2,2,5,"Lost costumer"
"17409","184","2","771.85",1,2,3,6,"Lost costumer"
"16955","184","4","518.67",1,3,2,6,"Lost costumer"
"12383","184","5","1850.56",1,4,4,9,"Lost costumer"
"17124","184","1","298.89",1,1,1,3,"Lost costumer"
"17987","184","1","198.57",1,1,1,3,"Lost costumer"
"17707","184","2","152.40",1,2,1,4,"Lost costumer"
"15609","184","1","298.48",1,1,1,3,"Lost costumer"
"17854","184","2","311.26",1,2,2,5,"Lost costumer"
"13395","184","1","307.72",1,2,2,5,"Lost costumer"
"17026","184","2","154.83",1,2,1,4,"Lost costumer"
"14231","183","3","925.71",1,3,3,7,"Lost costumer"
"13466","183","1","307.90",1,2,2,5,"Lost costumer"
"15780","183","3","475.28",1,3,2,6,"Lost costumer"
"13811","183","3","814.50",1,3,3,7,"Lost costumer"
"16832","183","3","199.15",1,3,1,5,"Lost costumer"
"14241","183","1","213.70",1,1,1,3,"Lost costumer"
"14501","183","2","251.21",1,2,1,4,"Lost costumer"
"16614","182","1","506.19",1,1,2,4,"Lost costumer"
"17234","182","1","149.89",1,1,1,3,"Lost costumer"
"16581","182","1","105.84",1,1,1,3,"Lost costumer"
"16113","182","1","161.38",1,1,1,3,"Lost costumer"
"13686","182","1","72.00",1,1,1,3,"Lost costumer"
"13533","182","3","270.79",1,3,1,5,"Lost costumer"
"13900","182","3","740.95",1,3,3,7,"Lost costumer"
"15098","181","3","39916.50",1,3,4,8,"Lost costumer"
"14823","180","3","321.43",1,3,2,6,"Lost costumer"
"14450","180","3","483.25",1,3,2,6,"Lost costumer"
"18281","180","1","80.82",1,1,1,3,"Lost costumer"
"17795","179","2","350.39",1,2,2,5,"Lost costumer"
"13936","179","1","376.58",1,2,2,5,"Lost costumer"
"14573","179","9","1653.42",1,4,3,8,"Lost costumer"
"12732","179","1","236.26",1,1,1,3,"Lost costumer"
"15069","178","1","1109.53",1,2,3,6,"Lost costumer"
"13080","178","1","58.08",1,1,1,3,"Lost costumer"
"13476","178","2","1238.47",1,3,3,7,"Lost costumer"
"17349","178","1","110.75",1,2,1,4,"Lost costumer"
"13663","178","1","189.47",1,1,1,3,"Lost costumer"
"17749","177","2","674.52",1,2,2,5,"Lost costumer"
"17536","177","1","76.50",1,1,1,3,"Lost costumer"
"16461","177","1","151.42",1,1,1,3,"Lost costumer"
"16644","177","2","833.78",1,2,3,6,"Lost costumer"
"13343","177","1","353.43",1,2,2,5,"Lost costumer"
"15574","177","4","702.25",1,3,3,7,"Lost costumer"
"12809","177","1","489.31",1,1,2,4,"Lost costumer"
"17179","177","3","711.79",1,3,3,7,"Lost costumer"
"15912","177","2","264.62",1,2,1,4,"Lost costumer"
"18165","177","1","302.46",1,1,1,3,"Lost costumer"
"16257","176","1","46.95",1,1,1,3,"Lost costumer"
"15585","176","1","455.30",1,1,2,4,"Lost costumer"
"16739","176","1","323.00",1,2,2,5,"Lost costumer"
"14222","176","1","683.17",1,1,3,5,"Lost costumer"
"16276","176","1","810.60",1,1,3,5,"Lost costumer"
"13826","176","1","189.50",1,1,1,3,"Lost costumer"
"17446","176","2","120.90",1,2,1,4,"Lost costumer"
"15219","175","1","305.75",1,1,1,3,"Lost costumer"
"14037","175","2","147.20",1,2,1,4,"Lost costumer"
"13951","175","3","674.45",1,3,2,6,"Lost costumer"
"18168","175","6","1169.94",1,4,3,8,"Lost costumer"
"12908","175","2","750.00",1,2,3,6,"Lost costumer"
"17204","174","4","1564.56",1,3,3,7,"Lost costumer"
"14491","174","2","340.93",1,2,2,5,"Lost costumer"
"13618","173","1","177.34",1,1,1,3,"Lost costumer"
"17879","173","1","178.52",1,1,1,3,"Lost costumer"
"15909","173","1","191.94",1,1,1,3,"Lost costumer"
"14162","173","2","289.36",1,2,1,4,"Lost costumer"
"16484","173","2","404.30",1,2,2,5,"Lost costumer"
"13005","173","2","513.70",1,2,2,5,"Lost costumer"
"17616","173","3","571.20",1,3,2,6,"Lost costumer"
"16805","173","2","460.59",1,2,2,5,"Lost costumer"
"16050","173","1","137.90",1,1,1,3,"Lost costumer"
"15921","172","1","336.03",1,2,2,5,"Lost costumer"
"13568","172","1","192.85",1,1,1,3,"Lost costumer"
"17897","172","3","566.60",1,3,2,6,"Lost costumer"
"15076","172","1","880.85",1,1,3,5,"Lost costumer"
"18260","172","6","2643.20",1,4,4,9,"Lost costumer"
"15825","172","1","532.94",1,1,2,4,"Lost costumer"
"18062","172","3","720.52",1,3,3,7,"Lost costumer"
"12837","172","1","134.10",1,1,1,3,"Lost costumer"
"15535","172","4","536.40",1,3,2,6,"Lost costumer"
"15016","172","1","170.04",1,1,1,3,"Lost costumer"
"16526","171","1","290.36",1,1,1,3,"Lost costumer"
"16320","171","2","1038.46",1,3,3,7,"Lost costumer"
"15389","171","1","500.00",1,1,2,4,"Lost costumer"
"15280","171","1","113.12",1,2,1,4,"Lost costumer"
"15700","171","2","696.68",1,2,3,6,"Lost costumer"
"15507","171","1","492.36",1,1,2,4,"Lost costumer"
"16114","170","1","135.75",1,1,1,3,"Lost costumer"
"17960","170","1","73.78",1,1,1,3,"Lost costumer"
"17877","170","1","237.61",1,1,1,3,"Lost costumer"
"15412","170","1","190.53",1,1,1,3,"Lost costumer"
"16214","170","3","1062.75",1,3,3,7,"Lost costumer"
"15384","169","2","642.41",1,2,2,5,"Lost costumer"
"15379","169","7","3703.29",1,4,4,9,"Lost costumer"
"16287","169","1","142.50",1,1,1,3,"Lost costumer"
"13300","169","1","371.89",1,2,2,5,"Lost costumer"
"15041","169","1","180.35",1,1,1,3,"Lost costumer"
"14643","169","2","693.81",1,2,3,6,"Lost costumer"
"16247","169","1","114.56",1,2,1,4,"Lost costumer"
"15130","169","1","330.11",1,2,2,5,"Lost costumer"
"17709","169","1","137.45",1,1,1,3,"Lost costumer"
"16647","169","2","214.06",1,2,1,4,"Lost costumer"
"17630","169","2","503.60",1,2,2,5,"Lost costumer"
"14998","169","2","429.87",1,2,2,5,"Lost costumer"
"14584","168","4","1042.26",1,3,3,7,"Lost costumer"
"14656","168","2","291.05",1,2,1,4,"Lost costumer"
"13856","168","3","388.50",1,3,2,6,"Lost costumer"
"17704","168","2","885.19",1,2,3,6,"Lost costumer"
"13937","168","1","158.85",1,1,1,3,"Lost costumer"
"13929","168","2","842.65",1,2,3,6,"Lost costumer"
"15258","168","2","623.16",1,2,2,5,"Lost costumer"
"15665","167","2","2242.01",1,3,4,8,"Lost costumer"
"14795","166","1","131.45",1,1,1,3,"Lost costumer"
"17969","166","2","228.20",1,2,1,4,"Lost costumer"
"12493","165","2","433.74",1,2,2,5,"Lost costumer"
"17980","165","3","811.45",1,3,3,7,"Lost costumer"
"15976","165","2","430.94",1,2,2,5,"Lost costumer"
"17110","165","1","163.30",1,1,1,3,"Lost costumer"
"12548","165","1","95.20",1,1,1,3,"Lost costumer"
"13453","165","2","356.98",1,2,2,5,"Lost costumer"
"15644","165","4","813.00",1,3,3,7,"Lost costumer"
"16545","164","1","339.30",1,2,2,5,"Lost costumer"
"13656","164","2","379.65",1,2,2,5,"Lost costumer"
"14351","164","1","51.00",1,1,1,3,"Lost costumer"
"15146","164","2","1327.16",1,3,3,7,"Lost costumer"
"14481","164","2","636.51",1,2,2,5,"Lost costumer"
"16473","164","3","316.11",1,3,2,6,"Lost costumer"
"18193","164","1","243.76",1,1,1,3,"Lost costumer"
"17391","163","2","508.80",1,2,2,5,"Lost costumer"
"15537","163","1","110.92",1,2,1,4,"Lost costumer"
"17408","163","1","32.65",1,2,1,4,"Lost costumer"
"16553","162","12","5719.82",1,4,4,9,"Lost costumer"
"14267","162","3","1516.24",1,3,3,7,"Lost costumer"
"14327","162","1","311.65",1,2,2,5,"Lost costumer"
"16801","162","4","1619.73",1,3,3,7,"Lost costumer"
"15578","162","1","127.10",1,1,1,3,"Lost costumer"
"12424","162","2","1760.96",1,3,4,8,"Lost costumer"
"17891","161","1","203.86",1,1,1,3,"Lost costumer"
"17123","161","1","345.30",1,2,2,5,"Lost costumer"
"13745","161","1","300.04",1,1,1,3,"Lost costumer"
"14016","161","4","4341.21",1,3,4,8,"Lost costumer"
"14803","161","3","845.55",1,3,3,7,"Lost costumer"
"15483","161","4","233.81",1,3,1,5,"Lost costumer"
"17505","161","2","1145.84",1,3,3,7,"Lost costumer"
"14338","160","2","588.22",1,2,2,5,"Lost costumer"
"12922","160","1","405.38",1,1,2,4,"Lost costumer"
"16498","160","2","100.97",1,2,1,4,"Lost costumer"
"13833","159","1","384.80",1,2,2,5,"Lost costumer"
"17939","159","1","99.14",1,1,1,3,"Lost costumer"
"17464","158","1","289.96",1,1,1,3,"Lost costumer"
"17781","158","2","188.02",1,2,1,4,"Lost costumer"
"17765","158","3","371.88",1,3,2,6,"Lost costumer"
"15007","158","1","156.91",1,1,1,3,"Lost costumer"
"17899","158","1","155.80",1,1,1,3,"Lost costumer"
"17105","158","2","665.78",1,2,2,5,"Lost costumer"
"18203","157","1","160.42",1,1,1,3,"Lost costumer"
"13085","157","2","416.08",1,2,2,5,"Lost costumer"
"18142","157","2","1019.52",1,3,3,7,"Lost costumer"
"13338","157","1","487.02",1,1,2,4,"Lost costumer"
"15646","157","3","447.64",1,3,2,6,"Lost costumer"
"14905","157","2","616.15",1,2,2,5,"Lost costumer"
"12980","157","9","7374.90",1,4,4,9,"Lost costumer"
"16344","157","1","101.10",1,1,1,3,"Lost costumer"
"15349","157","2","473.81",1,2,2,5,"Lost costumer"
"14352","156","4","1078.96",1,3,3,7,"Lost costumer"
"15889","156","2","446.87",1,2,2,5,"Lost costumer"
"16919","156","11","2596.45",1,4,4,9,"Lost costumer"
"16338","156","1","214.80",1,1,1,3,"Lost costumer"
"15334","156","3","351.67",1,3,2,6,"Lost costumer"
"13253","156","2","1030.40",1,3,3,7,"Lost costumer"
"17440","156","3","186.42",1,3,1,5,"Lost costumer"
"17341","156","3","781.36",1,3,3,7,"Lost costumer"
"16146","156","3","734.13",1,3,3,7,"Lost costumer"
"14645","156","2","597.09",1,2,2,5,"Lost costumer"
"16829","156","1","197.22",1,1,1,3,"Lost costumer"
"17046","156","1","642.02",1,1,2,4,"Lost costumer"
"13583","155","1","781.03",1,1,3,5,"Lost costumer"
"14459","155","1","1837.92",1,1,4,6,"Lost costumer"
"15512","155","2","121.00",1,2,1,4,"Lost costumer"
"13291","155","1","361.11",1,2,2,5,"Lost costumer"
"12977","155","1","39.24",1,1,1,3,"Lost costumer"
"12450","155","2","197.88",1,2,1,4,"Lost costumer"
"14264","154","2","333.97",1,2,2,5,"Lost costumer"
"16091","154","2","315.06",1,2,2,5,"Lost costumer"
"14021","154","3","631.90",1,3,2,6,"Lost costumer"
"18013","154","2","187.29",1,2,1,4,"Lost costumer"
"13302","154","1","63.75",1,1,1,3,"Lost costumer"
"18037","154","6","70.02",1,4,1,6,"Lost costumer"
"12648","154","1","318.05",1,2,2,5,"Lost costumer"
"14104","154","2","216.21",1,2,1,4,"Lost costumer"
"13699","154","1","308.58",1,2,2,5,"Lost costumer"
"15182","154","2","622.85",1,2,2,5,"Lost costumer"
"15920","153","4","167.50",1,3,1,5,"Lost costumer"
"16398","153","2","1705.80",1,3,4,8,"Lost costumer"
"13955","153","2","322.96",1,2,2,5,"Lost costumer"
"17787","152","4","1865.19",1,3,4,8,"Lost costumer"
"18024","152","2","389.78",1,2,2,5,"Lost costumer"
"13678","151","1","232.60",1,1,1,3,"Lost costumer"
"13754","151","2","282.60",1,2,1,4,"Lost costumer"
"15045","151","2","735.66",1,2,3,6,"Lost costumer"
"14552","151","1","165.07",1,1,1,3,"Lost costumer"
"17126","151","5","1004.75",1,4,3,8,"Lost costumer"
"13675","151","2","486.82",1,2,2,5,"Lost costumer"
"15265","150","2","1506.12",1,3,3,7,"Lost costumer"
"15577","150","3","258.88",1,3,1,5,"Lost costumer"
"12669","150","3","2744.03",1,3,4,8,"Lost costumer"
"17337","150","4","2027.87",1,3,4,8,"Lost costumer"
"14548","150","2","652.80",1,2,2,5,"Lost costumer"
"12717","150","2","1030.98",1,3,3,7,"Lost costumer"
"13420","149","2","159.85",1,2,1,4,"Lost costumer"
"15795","149","1","610.01",1,1,2,4,"Lost costumer"
"16450","149","1","311.92",1,2,2,5,"Lost costumer"
"15895","149","1","179.17",1,1,1,3,"Lost costumer"
"16998","149","4","295.00",1,3,1,5,"Lost costumer"
"18121","149","2","673.10",1,2,2,5,"Lost costumer"
"12653","148","2","2209.85",1,3,4,8,"Lost costumer"
"12915","148","2","363.65",1,2,2,5,"Lost costumer"
"15402","148","2","626.77",1,2,2,5,"Lost costumer"
"13667","148","1","305.02",1,1,1,3,"Lost costumer"
"14400","148","1","574.70",1,1,2,4,"Lost costumer"
"12405","148","1","1710.39",1,1,4,6,"Lost costumer"
"14847","148","1","309.40",1,2,2,5,"Lost costumer"
"15256","148","1","98.45",1,1,1,3,"Lost costumer"
"17259","147","2","603.37",1,2,2,5,"Lost costumer"
"17444","147","3","2940.04",1,3,4,8,"Lost costumer"
"14891","147","2","554.38",1,2,2,5,"Lost costumer"
"14461","147","3","2103.06",1,3,4,8,"Lost costumer"
"12815","147","2","1063.46",1,3,3,7,"Lost costumer"
"17948","147","1","358.56",1,2,2,5,"Lost costumer"
"14722","146","1","187.92",1,1,1,3,"Lost costumer"
"14958","146","3","499.68",1,3,2,6,"Lost costumer"
"15004","146","1","1246.32",1,2,3,6,"Lost costumer"
"13967","145","1","80.70",1,1,1,3,"Lost costumer"
"16054","145","1","783.90",1,1,3,5,"Lost costumer"
"15716","145","4","1118.81",1,3,3,7,"Lost costumer"
"12833","145","1","417.38",1,1,2,4,"Lost costumer"
"16859","144","2","747.81",1,2,3,6,"Lost costumer"
"13821","144","2","385.64",1,2,2,5,"Lost costumer"
"17984","144","1","152.68",1,1,1,3,"Lost costumer"
"14758","144","4","1484.06",1,3,3,7,"Lost costumer"
"13564","143","3","1749.02",1,3,4,8,"Lost costumer"
"12840","143","4","2726.77",1,3,4,8,"Lost costumer"
"15713","143","2","356.70",1,2,2,5,"Lost costumer"
"14117","143","1","90.00",1,1,1,3,"Lost costumer"
"12947","143","6","1603.99",1,4,3,8,"Lost costumer"
"16807","142","3","1121.59",1,3,3,7,"Lost costumer"
"12521","142","1","599.68",1,1,2,4,"Lost costumer"
"12510","142","2","982.57",1,3,3,7,"Lost costumer"
"12875","142","2","343.23",1,2,2,5,"Lost costumer"
"17866","142","1","329.65",1,2,2,5,"Lost costumer"
"15802","142","1","451.42",1,1,2,4,"Lost costumer"
"16112","142","4","195.74",1,3,1,5,"Lost costumer"
"17962","141","1","102.83",1,1,1,3,"Lost costumer"
"15108","141","4","1300.25",2,3,3,8,"At risk"
"17694","141","1","283.12",2,1,1,4,"At risk"
"17660","141","1","196.00",2,1,1,4,"At risk"
"14259","141","1","120.00",2,2,1,5,"At risk"
"15623","140","1","301.03",2,1,1,4,"At risk"
"16866","140","3","207.74",2,3,1,6,"At risk"
"16654","140","4","601.27",2,3,2,7,"At risk"
"18146","140","2","160.35",2,2,1,5,"At risk"
"15704","140","4","2293.62",2,3,4,9,"At risk"
"18262","139","1","149.48",2,1,1,4,"At risk"
"16305","138","1","361.22",2,2,2,6,"At risk"
"12916","138","4","3006.15",2,3,4,9,"At risk"
"13802","138","3","4599.42",2,3,4,9,"At risk"
"12864","138","1","147.12",2,1,1,4,"At risk"
"17935","138","2","145.79",2,2,1,5,"At risk"
"16948","138","3","435.02",2,3,2,7,"At risk"
"17265","138","2","562.90",2,2,2,6,"At risk"
"17312","138","3","644.30",2,3,2,7,"At risk"
"14100","137","1","194.90",2,1,1,4,"At risk"
"17040","137","1","449.73",2,1,2,5,"At risk"
"13037","137","3","881.07",2,3,3,8,"At risk"
"13116","137","1","501.14",2,1,2,5,"At risk"
"13296","137","1","87.40",2,1,1,4,"At risk"
"17649","137","1","868.49",2,1,3,6,"At risk"
"12763","137","2","494.08",2,2,2,6,"At risk"
"16178","137","1","197.90",2,1,1,4,"At risk"
"15855","136","5","712.24",2,4,3,9,"At risk"
"14692","136","4","591.55",2,3,2,7,"At risk"
"17693","136","1","200.47",2,1,1,4,"At risk"
"15372","136","1","2007.40",2,1,4,7,"At risk"
"13194","135","1","60.70",2,1,1,4,"At risk"
"16447","135","1","259.01",2,1,1,4,"At risk"
"13492","135","3","1269.84",2,3,3,8,"At risk"
"13730","135","2","752.60",2,2,3,7,"At risk"
"15261","134","1","254.82",2,1,1,4,"At risk"
"18151","134","2","653.35",2,2,2,6,"At risk"
"16951","134","3","1277.75",2,3,3,8,"At risk"
"16696","134","4","657.90",2,3,2,7,"At risk"
"12853","134","6","1957.10",2,4,4,10,"At risk"
"15776","133","1","241.62",2,1,1,4,"At risk"
"15120","133","1","358.82",2,2,2,6,"At risk"
"12507","133","3","1304.81",2,3,3,8,"At risk"
"15149","133","1","520.80",2,1,2,5,"At risk"
"16147","133","1","375.00",2,2,2,6,"At risk"
"15942","133","1","337.44",2,2,2,6,"At risk"
"15746","133","1","196.88",2,1,1,4,"At risk"
"15639","133","1","425.32",2,1,2,5,"At risk"
"15118","133","1","244.80",2,1,1,4,"At risk"
"12743","133","2","546.43",2,2,2,6,"At risk"
"13414","133","3","1390.50",2,3,3,8,"At risk"
"15245","133","3","2515.84",2,3,4,9,"At risk"
"14143","133","1","115.80",2,2,1,5,"At risk"
"12453","133","1","707.09",2,1,3,6,"At risk"
"17931","133","2","408.36",2,2,2,6,"At risk"
"18268","133","1","25.50",2,1,1,4,"At risk"
"14002","133","2","529.73",2,2,2,6,"At risk"
"17926","132","2","397.29",2,2,2,6,"At risk"
"18064","132","2","814.00",2,2,3,7,"At risk"
"13106","132","1","76.50",2,1,1,4,"At risk"
"13388","131","2","677.10",2,2,3,7,"At risk"
"14885","131","1","765.32",2,1,3,6,"At risk"
"17695","131","2","765.34",2,2,3,7,"At risk"
"13722","131","3","2375.41",2,3,4,9,"At risk"
"14403","130","4","1475.81",2,3,3,8,"At risk"
"17941","130","1","304.56",2,1,1,4,"At risk"
"15438","130","1","156.58",2,1,1,4,"At risk"
"17053","130","1","498.48",2,1,2,5,"At risk"
"12534","130","1","1089.18",2,2,3,7,"At risk"
"12942","130","3","683.90",2,3,3,8,"At risk"
"12644","129","1","477.91",2,1,2,5,"At risk"
"13075","129","1","919.61",2,2,3,7,"At risk"
"17282","129","3","1703.41",2,3,4,9,"At risk"
"15342","129","1","406.09",2,1,2,5,"At risk"
"17615","129","3","329.60",2,3,2,7,"At risk"
"17553","129","1","1487.60",2,1,3,6,"At risk"
"12378","129","1","4008.62",2,1,4,7,"At risk"
"14133","129","3","605.64",2,3,2,7,"At risk"
"15374","128","1","168.00",2,1,1,4,"At risk"
"13850","128","1","1595.48",2,1,3,6,"At risk"
"17887","128","1","111.35",2,2,1,5,"At risk"
"17353","128","2","1740.00",2,3,4,9,"At risk"
"12750","128","1","275.88",2,1,1,4,"At risk"
"17429","128","3","524.92",2,3,2,7,"At risk"
"14076","128","1","122.47",2,2,1,5,"At risk"
"16324","128","3","428.68",2,3,2,7,"At risk"
"18178","128","4","1590.81",2,3,3,8,"At risk"
"16835","128","2","180.85",2,2,1,5,"At risk"
"12643","128","6","3344.64",2,4,4,10,"At risk"
"13791","127","2","1516.00",2,3,3,8,"At risk"
"17514","127","1","208.65",2,1,1,4,"At risk"
"12917","127","1","594.00",2,1,2,5,"At risk"
"14972","127","1","114.77",2,2,1,5,"At risk"
"15133","127","3","982.42",2,3,3,8,"At risk"
"15254","126","1","300.36",2,1,1,4,"At risk"
"17692","126","4","740.94",2,3,3,8,"At risk"
"16174","126","3","1009.55",2,3,3,8,"At risk"
"17723","126","6","3276.40",2,4,4,10,"At risk"
"13513","126","1","205.10",2,1,1,4,"At risk"
"16302","126","1","233.22",2,1,1,4,"At risk"
"13402","126","2","621.23",2,2,2,6,"At risk"
"18099","126","1","168.31",2,1,1,4,"At risk"
"17457","126","5","1737.70",2,4,4,10,"At risk"
"13218","126","1","62.64",2,1,1,4,"At risk"
"16572","126","3","1009.60",2,3,3,8,"At risk"
"14344","126","8","889.93",2,4,3,9,"At risk"
"14778","126","2","730.86",2,2,3,7,"At risk"
"17267","126","2","317.62",2,2,2,6,"At risk"
"12693","126","4","855.91",2,3,3,8,"At risk"
"13082","125","9","3613.63",2,4,4,10,"At risk"
"17400","125","5","2129.96",2,4,4,10,"At risk"
"13248","124","2","465.68",2,2,2,6,"At risk"
"14079","124","1","375.10",2,2,2,6,"At risk"
"14331","124","2","462.66",2,2,2,6,"At risk"
"13752","123","6","1186.28",2,4,3,9,"At risk"
"14053","123","2","260.25",2,2,1,5,"At risk"
"17331","123","1","175.20",2,1,1,4,"At risk"
"13280","122","3","814.86",2,3,3,8,"At risk"
"18248","122","2","804.02",2,2,3,7,"At risk"
"16788","122","2","597.48",2,2,2,6,"At risk"
"14127","122","3","709.71",2,3,3,8,"At risk"
"13869","122","4","3104.95",2,3,4,9,"At risk"
"15247","122","1","356.00",2,2,2,6,"At risk"
"17085","122","5","1566.65",2,4,3,9,"At risk"
"15985","122","2","1142.42",2,3,3,8,"At risk"
"13162","121","4","1688.29",2,3,4,9,"At risk"
"13217","121","3","533.98",2,3,2,7,"At risk"
"13355","121","1","674.70",2,1,3,6,"At risk"
"16292","121","1","302.25",2,1,1,4,"At risk"
"17994","121","4","678.49",2,3,3,8,"At risk"
"14024","121","2","327.70",2,2,2,6,"At risk"
"14346","120","2","1021.58",2,3,3,8,"At risk"
"17248","120","1","318.65",2,2,2,6,"At risk"
"15581","120","13","3679.97",2,4,4,10,"At risk"
"13873","119","3","389.60",2,3,2,7,"At risk"
"13307","119","1","15.00",2,1,1,4,"At risk"
"15192","119","3","1044.32",2,3,3,8,"At risk"
"13888","119","2","605.63",2,2,2,6,"At risk"
"16317","119","3","1341.65",2,3,3,8,"At risk"
"13645","119","1","252.10",2,1,1,4,"At risk"
"12399","119","4","1108.65",2,3,3,8,"At risk"
"15689","119","2","254.10",2,2,1,5,"At risk"
"17642","119","2","712.29",2,2,3,7,"At risk"
"16045","119","4","1340.70",2,3,3,8,"At risk"
"14406","118","1","156.75",2,1,1,4,"At risk"
"17122","118","1","138.32",2,1,1,4,"At risk"
"14855","118","2","645.65",2,2,2,6,"At risk"
"15683","117","1","193.75",2,1,1,4,"At risk"
"17048","117","3","925.35",2,3,3,8,"At risk"
"17958","116","1","508.46",2,1,2,5,"At risk"
"17252","116","2","353.86",2,2,2,6,"At risk"
"13720","116","4","799.90",2,3,3,8,"At risk"
"15624","116","4","588.13",2,3,2,7,"At risk"
"13621","116","1","213.85",2,1,1,4,"At risk"
"16961","116","1","234.17",2,1,1,4,"At risk"
"16272","116","1","411.70",2,1,2,5,"At risk"
"14301","116","1","640.14",2,1,2,5,"At risk"
"12758","116","2","2791.59",2,3,4,9,"At risk"
"13799","116","2","688.86",2,2,3,7,"At risk"
"18143","116","2","1000.16",2,3,3,8,"At risk"
"14918","115","2","1610.15",2,3,3,8,"At risk"
"16902","115","1","1706.88",2,1,4,7,"At risk"
"12641","115","1","185.90",2,1,1,4,"At risk"
"15002","115","4","1641.76",2,3,3,8,"At risk"
"14006","115","3","962.19",2,3,3,8,"At risk"
"16927","115","3","543.05",2,3,2,7,"At risk"
"15768","115","3","621.83",2,3,2,7,"At risk"
"15480","115","1","905.50",2,1,3,6,"At risk"
"15734","114","2","1339.45",2,3,3,8,"At risk"
"14323","114","2","605.06",2,2,2,6,"At risk"
"16755","114","3","1496.83",2,3,3,8,"At risk"
"16092","114","3","817.86",2,3,3,8,"At risk"
"17398","114","3","653.38",2,3,2,7,"At risk"
"12729","113","1","453.01",2,1,2,5,"At risk"
"15541","113","1","85.13",2,1,1,4,"At risk"
"17070","113","1","312.14",2,2,2,6,"At risk"
"13655","113","2","932.97",2,3,3,8,"At risk"
"18073","113","12","3877.52",2,4,4,10,"At risk"
"15122","113","3","1633.78",2,3,3,8,"At risk"
"13027","113","6","6912.0",2,4,4,10,"At risk"
"12688","113","1","4873.81",2,1,4,7,"At risk"
"13242","112","3","270.40",2,3,1,6,"At risk"
"15938","112","5","404.58",2,4,2,8,"At risk"
"15232","112","2","612.06",2,2,2,6,"At risk"
"16419","112","6","972.23",2,4,3,9,"At risk"
"13273","112","1","138.98",2,1,1,4,"At risk"
"12513","112","1","612.29",2,1,2,5,"At risk"
"16582","112","1","313.62",2,2,2,6,"At risk"
"15396","112","1","288.18",2,1,1,4,"At risk"
"15472","112","1","371.56",2,2,2,6,"At risk"
"17747","112","1","71.40",2,1,1,4,"At risk"
"17045","112","3","339.44",2,3,2,7,"At risk"
"17742","112","2","355.11",2,2,2,6,"At risk"
"12418","112","1","668.58",2,1,2,5,"At risk"
"15797","112","4","2207.40",2,3,4,9,"At risk"
"14745","112","5","1220.26",2,4,3,9,"At risk"
"14772","111","1","139.26",2,1,1,4,"At risk"
"12968","111","1","135.95",2,1,1,4,"At risk"
"17029","110","2","716.00",2,2,3,7,"At risk"
"14224","110","4","1050.12",2,3,3,8,"At risk"
"14566","110","1","1432.00",2,1,3,6,"At risk"
"14246","110","3","1474.06",2,3,3,8,"At risk"
"16536","109","1","548.97",2,1,2,5,"At risk"
"12363","109","2","552.00",2,2,2,6,"At risk"
"14265","109","2","530.18",2,2,2,6,"At risk"
"14013","109","3","473.02",2,3,2,7,"At risk"
"14460","109","3","434.34",2,3,2,7,"At risk"
"16952","109","2","167.61",2,2,1,5,"At risk"
"17585","109","4","1133.07",2,3,3,8,"At risk"
"15313","109","1","52.00",2,1,1,4,"At risk"
"14930","108","3","2372.86",2,3,4,9,"At risk"
"12593","108","3","418.10",2,3,2,7,"At risk"
"13593","108","5","2037.08",2,4,4,10,"At risk"
"17083","108","3","1405.78",2,3,3,8,"At risk"
"16550","108","5","2298.97",2,3,4,9,"At risk"
"14364","108","8","3717.35",2,4,4,10,"At risk"
"14523","108","1","241.09",2,1,1,4,"At risk"
"14045","108","4","1659.75",2,3,3,8,"At risk"
"13933","108","2","608.79",2,2,2,6,"At risk"
"14875","107","2","1465.32",2,3,3,8,"At risk"
"17242","107","2","1135.04",2,3,3,8,"At risk"
"17268","107","4","763.64",2,3,3,8,"At risk"
"18018","107","2","122.14",2,2,1,5,"At risk"
"17256","107","2","240.00",2,2,1,5,"At risk"
"13140","107","3","423.72",2,3,2,7,"At risk"
"13425","107","3","1624.21",2,3,3,8,"At risk"
"14973","106","3","1314.45",2,3,3,8,"At risk"
"17134","106","2","425.00",2,2,2,6,"At risk"
"16093","106","1","17.00",2,1,1,4,"At risk"
"14407","106","6","2157.73",2,4,4,10,"At risk"
"14196","106","1","335.52",2,2,2,6,"At risk"
"14687","106","1","628.38",2,1,2,5,"At risk"
"16340","106","1","549.07",2,1,2,5,"At risk"
"12649","106","3","623.51",2,3,2,7,"At risk"
"13000","106","3","534.85",2,3,2,7,"At risk"
"17844","106","1","51.56",2,1,1,4,"At risk"
"15812","106","5","1801.14",2,4,4,10,"At risk"
"15800","106","2","699.08",2,2,3,7,"At risk"
"15263","106","1","156.51",2,1,1,4,"At risk"
"14314","106","1","120.00",2,2,1,5,"At risk"
"13411","106","1","213.55",2,1,1,4,"At risk"
"16503","106","4","1431.93",2,3,3,8,"At risk"
"17869","106","5","428.18",2,4,2,8,"At risk"
"16309","105","2","706.57",2,2,3,7,"At risk"
"14055","105","1","725.64",2,1,3,6,"At risk"
"15663","105","1","138.14",2,1,1,4,"At risk"
"18200","105","1","163.80",2,1,1,4,"At risk"
"14210","105","6","1905.84",2,4,4,10,"At risk"
"12624","105","2","641.13",2,2,2,6,"At risk"
"12715","105","1","353.86",2,2,2,6,"At risk"
"17189","105","2","384.40",2,2,2,6,"At risk"
"13003","105","3","149.05",2,3,1,6,"At risk"
"17146","105","3","749.78",2,3,3,8,"At risk"
"13489","105","4","449.52",2,3,2,7,"At risk"
"16641","105","1","231.10",2,1,1,4,"At risk"
"16429","105","1","284.55",2,1,1,4,"At risk"
"15074","104","1","748.87",2,1,3,6,"At risk"
"15641","104","4","1887.20",2,3,4,9,"At risk"
"14472","103","8","1936.84",2,4,4,10,"At risk"
"15569","103","5","1375.71",2,4,3,9,"At risk"
"13301","103","4","618.09",2,3,2,7,"At risk"
"15095","103","4","1370.60",2,3,3,8,"At risk"
"15625","103","4","1534.26",2,3,3,8,"At risk"
"15325","103","1","162.29",2,1,1,4,"At risk"
"16806","102","4","801.49",2,3,3,8,"At risk"
"16816","102","4","417.06",2,3,2,7,"At risk"
"13778","102","1","178.70",2,1,1,4,"At risk"
"12814","101","1","125.92",2,2,1,5,"At risk"
"14078","101","6","1049.37",2,4,3,9,"At risk"
"17588","100","3","1240.20",2,3,3,8,"At risk"
"15596","100","5","1406.59",2,4,3,9,"At risk"
"17298","100","2","498.42",2,2,2,6,"At risk"
"17320","100","3","1200.62",2,3,3,8,"At risk"
"15866","100","1","230.53",2,1,1,4,"At risk"
"16842","100","3","1264.19",2,3,3,8,"At risk"
"16083","100","2","1317.62",2,3,3,8,"At risk"
"14513","100","3","455.59",2,3,2,7,"At risk"
"16180","99","8","10254.18",2,4,4,10,"At risk"
"16456","99","5","2158.37",2,4,4,10,"At risk"
"12436","99","1","509.01",2,1,2,5,"At risk"
"16780","99","2","425.19",2,2,2,6,"At risk"
"15260","99","7","1810.77",2,4,4,10,"At risk"
"13631","99","11","3070.42",2,4,4,10,"At risk"
"16278","99","1","566.38",2,1,2,5,"At risk"
"13376","98","3","1019.76",2,3,3,8,"At risk"
"14276","98","3","1119.74",2,3,3,8,"At risk"
"13099","98","1","207.36",2,1,1,4,"At risk"
"15829","98","2","636.14",2,2,2,6,"At risk"
"14436","98","1","89.06",2,1,1,4,"At risk"
"13045","98","1","305.28",2,1,1,4,"At risk"
"14420","98","1","387.52",2,2,2,6,"At risk"
"16808","98","2","288.42",2,2,1,5,"At risk"
"18027","98","1","115.31",2,2,1,5,"At risk"
"13470","98","2","165.00",2,2,1,5,"At risk"
"18087","97","2","4055.72",2,3,4,9,"At risk"
"14463","97","3","529.62",2,3,2,7,"At risk"
"14171","97","1","363.79",2,2,2,6,"At risk"
"16761","96","1","316.62",2,2,2,6,"At risk"
"12710","96","3","1149.02",2,3,3,8,"At risk"
"12851","96","1","135.18",2,1,1,4,"At risk"
"17774","96","4","1225.41",2,3,3,8,"At risk"
"14965","96","2","599.00",2,2,2,6,"At risk"
"17050","96","6","3228.84",2,4,4,10,"At risk"
"15307","95","1","205.30",2,1,1,4,"At risk"
"14565","95","4","3099.12",2,3,4,9,"At risk"
"13240","95","4","663.65",2,3,2,7,"At risk"
"13931","95","2","1237.53",2,3,3,8,"At risk"
"16551","95","3","922.12",2,3,3,8,"At risk"
"13748","95","5","948.25",2,4,3,9,"At risk"
"16820","95","1","497.61",2,1,2,5,"At risk"
"12502","95","5","3723.87",2,4,4,10,"At risk"
"13851","95","3","2651.46",2,3,4,9,"At risk"
"17722","95","4","2424.04",2,3,4,9,"At risk"
"16172","95","5","1140.21",2,4,3,9,"At risk"
"12816","95","2","572.20",2,2,2,6,"At risk"
"17229","95","2","318.76",2,2,2,6,"At risk"
"12422","95","3","803.56",2,3,3,8,"At risk"
"13548","95","2","682.41",2,2,3,7,"At risk"
"15364","95","2","913.19",2,2,3,7,"At risk"
"13744","94","2","1156.36",2,3,3,8,"At risk"
"13192","94","2","911.94",2,2,3,7,"At risk"
"15462","94","3","234.60",2,3,1,6,"At risk"
"13158","94","4","1201.06",2,3,3,8,"At risk"
"12616","94","2","713.30",2,2,3,7,"At risk"
"15491","94","6","3100.09",2,4,4,10,"At risk"
"17309","94","1","82.75",2,1,1,4,"At risk"
"18196","94","2","689.13",2,2,3,7,"At risk"
"14208","94","1","151.74",2,1,1,4,"At risk"
"16400","94","1","303.93",2,1,1,4,"At risk"
"17339","94","2","243.36",2,2,1,5,"At risk"
"17560","94","4","854.95",2,3,3,8,"At risk"
"13210","93","1","353.48",2,2,2,6,"At risk"
"17460","93","6","622.43",2,4,2,8,"At risk"
"13130","93","1","64.00",2,1,1,4,"At risk"
"13122","93","2","922.39",2,2,3,7,"At risk"
"12461","93","2","826.88",2,2,3,7,"At risk"
"15071","93","2","982.07",2,3,3,8,"At risk"
"16175","93","4","1037.59",2,3,3,8,"At risk"
"18093","92","4","2106.52",2,3,4,9,"At risk"
"13848","92","3","1255.00",2,3,3,8,"At risk"
"13244","92","1","121.74",2,2,1,5,"At risk"
"18222","92","1","443.00",2,1,2,5,"At risk"
"16828","92","2","128.50",2,2,1,5,"At risk"
"13330","92","3","1140.93",2,3,3,8,"At risk"
"15885","92","3","379.35",2,3,2,7,"At risk"
"15488","92","1","91.32",2,1,1,4,"At risk"
"15653","92","2","877.44",2,2,3,7,"At risk"
"13889","92","1","416.90",2,1,2,5,"At risk"
"14223","92","3","991.13",2,3,3,8,"At risk"
"13249","92","3","711.41",2,3,3,8,"At risk"
"13814","92","2","1579.12",2,3,3,8,"At risk"
"13925","92","4","678.25",2,3,3,8,"At risk"
"16031","92","2","548.94",2,2,2,6,"At risk"
"15198","91","2","193.64",2,2,1,5,"At risk"
"16723","91","2","589.15",2,2,2,6,"At risk"
"13441","91","1","296.64",2,1,1,4,"At risk"
"16027","91","6","934.62",2,4,3,9,"At risk"
"14915","91","2","307.48",2,2,2,6,"At risk"
"12535","91","2","716.35",2,2,3,7,"At risk"
"12592","91","2","437.60",2,2,2,6,"At risk"
"14410","91","9","1105.07",2,4,3,9,"At risk"
"15400","91","5","716.20",2,4,3,9,"At risk"
"14414","91","7","1496.98",2,4,3,9,"At risk"
"14628","90","2","671.96",2,2,2,6,"At risk"
"15652","90","1","337.74",2,2,2,6,"At risk"
"18255","89","1","103.30",2,1,1,4,"At risk"
"14837","89","4","1649.50",2,3,3,8,"At risk"
"16384","89","2","584.50",2,2,2,6,"At risk"
"14212","89","1","1070.48",2,2,3,7,"At risk"
"13124","89","3","3866.33",2,3,4,9,"At risk"
"12635","89","2","1689.18",2,3,4,9,"At risk"
"15636","89","2","724.76",2,2,3,7,"At risk"
"15939","89","15","6115.01",2,4,4,10,"At risk"
"15035","89","1","252.73",2,1,1,4,"At risk"
"13372","89","1","378.64",2,2,2,6,"At risk"
"14307","88","6","2995.72",2,4,4,10,"At risk"
"16209","88","5","2262.62",2,3,4,9,"At risk"
"17919","88","1","1304.04",2,2,3,7,"At risk"
"16211","88","1","547.02",2,1,2,5,"At risk"
"16984","88","2","4481.35",2,3,4,9,"At risk"
"13375","88","1","778.65",2,1,3,6,"At risk"
"12965","88","1","771.91",2,1,3,6,"At risk"
"13611","88","3","1171.80",2,3,3,8,"At risk"
"16796","88","1","305.62",2,1,1,4,"At risk"
"12884","88","1","309.05",2,2,2,6,"At risk"
"18215","88","1","299.34",2,1,1,4,"At risk"
"15980","88","3","2398.86",2,3,4,9,"At risk"
"16141","88","1","620.40",2,1,2,5,"At risk"
"12924","87","4","933.70",2,3,3,8,"At risk"
"15673","87","4","2881.02",2,3,4,9,"At risk"
"15764","87","6","3279.97",2,4,4,10,"At risk"
"15216","87","1","96.60",2,1,1,4,"At risk"
"17433","87","1","303.16",2,1,1,4,"At risk"
"16451","87","1","266.97",2,1,1,4,"At risk"
"15996","87","6","1060.68",2,4,3,9,"At risk"
"17037","87","1","1267.32",2,2,3,7,"At risk"
"16475","87","4","544.30",2,3,2,7,"At risk"
"14500","87","3","356.85",2,3,2,7,"At risk"
"16098","87","7","2005.63",2,4,4,10,"At risk"
"17640","86","1","621.66",2,1,2,5,"At risk"
"14753","86","1","563.15",2,1,2,5,"At risk"
"17347","86","1","228.96",2,1,1,4,"At risk"
"16745","86","17","7194.30",2,4,4,10,"At risk"
"14163","86","4","2445.91",2,3,4,9,"At risk"
"18173","86","4","2106.84",2,3,4,9,"At risk"
"15201","86","5","1236.54",2,4,3,9,"At risk"
"16036","86","2","758.92",2,2,3,7,"At risk"
"16959","86","1","117.35",2,2,1,5,"At risk"
"14660","86","2","285.74",2,2,1,5,"At risk"
"15343","86","1","364.50",2,2,2,6,"At risk"
"12756","86","1","112.08",2,2,1,5,"At risk"
"18251","86","1","4314.72",2,1,4,7,"At risk"
"16229","86","2","1010.60",2,3,3,8,"At risk"
"17786","85","2","278.74",2,2,1,5,"At risk"
"17047","85","3","1100.90",2,3,3,8,"At risk"
"15322","85","1","679.68",2,1,3,6,"At risk"
"17033","85","3","1030.14",2,3,3,8,"At risk"
"13877","85","1","117.24",2,2,1,5,"At risk"
"17002","85","3","1493.73",2,3,3,8,"At risk"
"14177","85","4","559.41",2,3,2,7,"At risk"
"13539","85","3","631.34",2,3,2,7,"At risk"
"12566","85","1","351.65",2,2,2,6,"At risk"
"17333","85","1","494.25",2,1,2,5,"At risk"
"13134","85","4","1793.58",2,3,4,9,"At risk"
"13518","85","1","659.44",2,1,2,5,"At risk"
"13662","85","3","897.76",2,3,3,8,"At risk"
"12995","84","1","211.32",2,1,1,4,"At risk"
"15205","84","2","653.24",2,2,2,6,"At risk"
"12434","84","2","806.14",2,2,3,7,"At risk"
"12722","84","4","997.63",2,3,3,8,"At risk"
"14557","84","1","788.38",2,1,3,6,"At risk"
"17846","84","1","2033.1",2,1,4,7,"At risk"
"14894","84","1","655.75",2,1,2,5,"At risk"
"16573","84","2","663.61",2,2,2,6,"At risk"
"14124","84","1","419.58",2,1,2,5,"At risk"
"16709","84","5","3029.87",2,4,4,10,"At risk"
"17594","84","2","993.18",2,3,3,8,"At risk"
"15975","84","1","371.01",2,2,2,6,"At risk"
"15099","84","1","410.48",2,1,2,5,"At risk"
"15417","84","1","508.80",2,1,2,5,"At risk"
"16108","84","1","842.50",2,1,3,6,"At risk"
"13141","84","5","2388.75",2,4,4,10,"At risk"
"17898","84","2","152.06",2,2,1,5,"At risk"
"15466","84","1","334.53",2,2,2,6,"At risk"
"15410","83","8","3450.84",2,4,4,10,"At risk"
"12871","83","2","380.64",2,2,2,6,"At risk"
"15523","83","1","412.01",2,1,2,5,"At risk"
"16878","83","1","13.30",2,1,1,4,"At risk"
"13563","83","2","777.53",2,2,3,7,"At risk"
"18194","82","1","973.84",2,2,3,7,"At risk"
"13067","82","1","115.46",2,2,1,5,"At risk"
"15947","82","1","1708.24",2,1,4,7,"At risk"
"16370","81","4","1320.56",2,3,3,8,"At risk"
"14934","81","2","1890.94",2,3,4,9,"At risk"
"12752","81","1","4366.78",2,1,4,7,"At risk"
"17802","81","3","1285.04",2,3,3,8,"At risk"
"13562","81","3","1799.33",2,3,4,9,"At risk"
"15504","81","1","52.83",2,1,1,4,"At risk"
"12527","81","3","348.71",2,3,2,7,"At risk"
"18094","81","7","3017.30",2,4,4,10,"At risk"
"13774","81","1","345.00",2,2,2,6,"At risk"
"12497","81","1","1043.10",2,2,3,7,"At risk"
"15675","81","3","323.69",2,3,2,7,"At risk"
"18232","81","4","592.97",2,3,2,7,"At risk"
"13325","81","1","675.30",2,1,3,6,"At risk"
"16906","81","4","579.77",2,3,2,7,"At risk"
"12379","81","2","852.24",2,2,3,7,"At risk"
"13334","81","3","3536.82",2,3,4,9,"At risk"
"16080","81","2","217.16",2,2,1,5,"At risk"
"17058","81","3","1179.89",2,3,3,8,"At risk"
"16527","80","1","228.06",2,1,1,4,"At risk"
"16777","80","2","226.35",2,2,1,5,"At risk"
"18017","80","3","523.00",2,3,2,7,"At risk"
"17848","80","9","901.20",2,4,3,9,"At risk"
"16624","80","2","810.57",2,2,3,7,"At risk"
"16215","80","1","242.35",2,1,1,4,"At risk"
"17628","80","1","75.75",2,1,1,4,"At risk"
"14236","80","2","490.86",2,2,2,6,"At risk"
"16584","80","2","936.08",2,3,3,8,"At risk"
"15341","80","1","2020.52",2,1,4,7,"At risk"
"13228","80","1","358.00",2,2,2,6,"At risk"
"15888","80","1","168.31",2,1,1,4,"At risk"
"12390","79","1","549.84",2,1,2,5,"At risk"
"14356","79","2","701.23",2,2,3,7,"At risk"
"13038","79","3","908.46",2,3,3,8,"At risk"
"17873","79","5","1859.16",2,4,4,10,"At risk"
"13356","79","1","768.24",2,1,3,6,"At risk"
"13908","79","4","2369.55",2,3,4,9,"At risk"
"16928","79","17","2847.60",2,4,4,10,"At risk"
"12435","79","2","7829.89",2,3,4,9,"At risk"
"16493","79","4","1351.63",2,3,3,8,"At risk"
"12701","79","2","797.71",2,2,3,7,"At risk"
"13946","79","3","561.57",2,3,2,7,"At risk"
"17415","79","1","507.84",2,1,2,5,"At risk"
"15026","79","3","469.00",2,3,2,7,"At risk"
"17731","78","4","1240.11",2,3,3,8,"At risk"
"12739","78","2","1013.04",2,3,3,8,"At risk"
"14951","78","1","311.69",2,2,2,6,"At risk"
"15603","78","1","48.48",2,1,1,4,"At risk"
"13486","78","3","1122.41",2,3,3,8,"At risk"
"12550","78","1","964.83",2,2,3,7,"At risk"
"13529","78","2","307.76",2,2,2,6,"At risk"
"12520","78","5","2634.26",2,4,4,10,"At risk"
"12409","78","3","11072.67",2,3,4,9,"At risk"
"14887","78","1","1862.00",2,1,4,7,"At risk"
"12604","78","2","254.18",2,2,1,5,"At risk"
"12854","78","3","1324.50",2,3,3,8,"At risk"
"15067","78","3","1744.76",2,3,4,9,"At risk"
"17475","78","1","194.37",2,1,1,4,"At risk"
"13959","78","3","598.20",2,3,2,7,"At risk"
"13220","78","4","819.29",2,3,3,8,"At risk"
"16627","78","1","322.80",2,2,2,6,"At risk"
"16213","78","1","159.00",2,1,1,4,"At risk"
"17027","78","6","890.29",2,4,3,9,"At risk"
"14038","78","3","1560.38",2,3,3,8,"At risk"
"15810","78","4","1391.98",2,3,3,8,"At risk"
"16735","78","5","2300.56",2,3,4,9,"At risk"
"17172","78","1","317.76",2,2,2,6,"At risk"
"17603","77","1","394.72",2,2,2,6,"At risk"
"13279","77","1","137.75",2,1,1,4,"At risk"
"15744","77","1","34.80",2,2,1,5,"At risk"
"13519","77","1","122.75",2,2,1,5,"At risk"
"12425","77","1","777.20",2,1,3,6,"At risk"
"16715","77","1","301.72",2,1,1,4,"At risk"
"12579","77","1","440.42",2,1,2,5,"At risk"
"17079","77","1","118.80",2,2,1,5,"At risk"
"16236","77","1","432.20",2,1,2,5,"At risk"
"14880","77","3","706.19",2,3,3,8,"At risk"
"12516","77","2","1312.06",2,3,3,8,"At risk"
"13320","77","4","1548.70",2,3,3,8,"At risk"
"14147","77","2","483.40",2,2,2,6,"At risk"
"18189","77","2","1090.24",2,3,3,8,"At risk"
"12930","77","2","415.80",2,2,2,6,"At risk"
"17311","77","2","1384.85",2,3,3,8,"At risk"
"13055","77","3","1214.41",2,3,3,8,"At risk"
"14854","77","7","2759.83",2,4,4,10,"At risk"
"13127","77","1","259.17",2,1,1,4,"At risk"
"12609","77","3","1126.85",2,3,3,8,"At risk"
"17480","77","1","511.82",2,1,2,5,"At risk"
"16978","77","1","344.33",2,2,2,6,"At risk"
"14014","77","1","505.18",2,1,2,5,"At risk"
"17388","77","4","1259.56",2,3,3,8,"At risk"
"15075","77","1","773.03",2,1,3,6,"At risk"
"15978","76","1","1098.78",2,2,3,7,"At risk"
"16485","76","1","363.65",2,2,2,6,"At risk"
"15475","76","1","454.11",2,1,2,5,"At risk"
"13336","76","1","795.12",2,1,3,6,"At risk"
"16872","76","3","680.02",2,3,3,8,"At risk"
"15549","76","3","1693.26",2,3,4,9,"At risk"
"14652","76","1","114.18",2,2,1,5,"At risk"
"13787","75","2","309.04",2,2,2,6,"At risk"
"14152","75","2","621.29",2,2,2,6,"At risk"
"14561","75","3","1080.76",2,3,3,8,"At risk"
"15799","75","3","884.14",2,3,3,8,"At risk"
"17506","75","1","302.20",2,1,1,4,"At risk"
"17154","75","1","329.34",2,2,2,6,"At risk"
"12348","75","4","1797.24",2,3,4,9,"At risk"
"16480","75","1","769.29",2,1,3,6,"At risk"
"17498","75","1","272.22",2,1,1,4,"At risk"
"18155","75","3","371.62",2,3,2,7,"At risk"
"16689","75","2","422.60",2,2,2,6,"At risk"
"15312","75","4","924.85",2,3,3,8,"At risk"
"12545","75","2","1000.39",2,3,3,8,"At risk"
"13927","74","1","348.99",2,2,2,6,"At risk"
"13670","74","1","349.70",2,2,2,6,"At risk"
"15626","74","2","675.80",2,2,3,7,"At risk"
"16778","74","2","245.94",2,2,1,5,"At risk"
"14806","74","1","193.39",2,1,1,4,"At risk"
"16383","74","2","668.36",2,2,2,6,"At risk"
"14757","74","1","420.50",2,1,2,5,"At risk"
"15366","74","2","602.51",2,2,2,6,"At risk"
"12823","74","5","1759.50",2,4,4,10,"At risk"
"13233","74","2","605.12",2,2,2,6,"At risk"
"16594","74","1","181.09",2,1,1,4,"At risk"
"14908","74","1","277.80",2,1,1,4,"At risk"
"18066","74","1","318.00",2,2,2,6,"At risk"
"12412","74","3","1226.88",2,3,3,8,"At risk"
"17674","74","2","551.04",2,2,2,6,"At risk"
"15958","74","1","104.35",2,1,1,4,"At risk"
"13390","74","1","544.08",2,1,2,5,"At risk"
"16603","74","2","482.47",2,2,2,6,"At risk"
"13639","74","1","1033.34",2,2,3,7,"At risk"
"15154","74","1","296.42",2,1,1,4,"At risk"
"16198","74","1","400.681",2,2,2,6,"At risk"
"16342","74","4","322.41",2,3,2,7,"At risk"
"14235","74","5","3144.86",2,4,4,10,"At risk"
"14473","73","2","234.34",2,2,1,5,"At risk"
"17061","73","11","5232.23",2,4,4,10,"At risk"
"13979","73","1","869.87",2,1,3,6,"At risk"
"17997","73","8","1970.67",2,4,4,10,"At risk"
"16266","73","7","861.89",2,4,3,9,"At risk"
"13866","73","1","145.67",2,1,1,4,"At risk"
"17591","73","7","2225.97",2,4,4,10,"At risk"
"12612","73","1","704.04",2,1,3,6,"At risk"
"17805","73","1","512.31",2,1,2,5,"At risk"
"14101","73","6","5976.79",2,4,4,10,"At risk"
"13514","73","1","152.20",2,1,1,4,"At risk"
"17656","73","5","1674.69",2,4,4,10,"At risk"
"18278","73","1","173.90",2,1,1,4,"At risk"
"16468","73","1","74.90",2,1,1,4,"At risk"
"13555","73","4","4149.28",2,3,4,9,"At risk"
"16181","73","1","305.54",2,1,1,4,"At risk"
"15243","73","1","316.68",2,2,2,6,"At risk"
"16462","73","3","136.0",2,3,1,6,"At risk"
"13405","73","3","572.451",2,3,2,7,"At risk"
"14818","73","3","657.80",2,3,2,7,"At risk"
"16629","73","2","417.73",2,2,2,6,"At risk"
"14272","73","2","437.96",2,2,2,6,"At risk"
"13434","73","2","534.24",2,2,2,6,"At risk"
"12987","73","2","558.70",2,2,2,6,"At risk"
"17788","73","2","1117.90",2,3,3,8,"At risk"
"13035","73","2","921.88",2,2,3,7,"At risk"
"17370","72","4","446.18",2,3,2,7,"At risk"
"14109","72","1","144.20",2,1,1,4,"At risk"
"13016","72","3","789.89",2,3,3,8,"At risk"
"13397","72","5","1544.13",2,4,3,9,"At risk"
"18242","72","4","2232.49",2,3,4,9,"At risk"
"13505","72","4","4393.63",2,3,4,9,"At risk"
"16122","72","4","684.42",2,3,3,8,"At risk"
"15827","72","14","1836.09",2,4,4,10,"At risk"
"14978","72","5","1931.42",2,4,4,10,"At risk"
"15348","72","1","158.04",2,1,1,4,"At risk"
"15674","72","5","2446.60",2,4,4,10,"At risk"
"16681","72","6","1770.34",2,4,4,10,"At risk"
"15841","72","4","1224.06",2,3,3,8,"At risk"
"12455","72","6","2466.86",2,4,4,10,"At risk"
"13515","72","4","891.12",2,3,3,8,"At risk"
"16182","72","4","6617.65",2,3,4,9,"At risk"
"14609","72","4","601.56",2,3,2,7,"At risk"
"13503","71","1","216.85",2,1,1,4,"At risk"
"13321","71","2","567.36",2,2,2,6,"At risk"
"16690","71","2","225.58",2,2,1,5,"At risk"
"14475","71","3","925.85",2,3,3,8,"At risk"
"17950","71","3","482.20",2,3,2,7,"At risk"
"14947","71","2","290.82",2,2,1,5,"At risk"
"13741","71","3","668.43",2,3,2,7,"At risk"
"16574","71","1","451.44",2,1,2,5,"At risk"
"17894","71","8","1119.81",2,4,3,9,"At risk"
"18192","71","1","957.97",2,2,3,7,"At risk"
"12372","71","3","1298.04",2,3,3,8,"At risk"
"15036","71","3","465.55",2,3,2,7,"At risk"
"16909","71","1","379.14",2,2,2,6,"At risk"
"18235","71","3","1796.48",2,3,4,9,"At risk"
"17783","71","2","283.47",2,2,1,5,"At risk"
"13354","71","1","743.53",2,1,3,6,"At risk"
"17819","71","7","3704.87",2,4,4,10,"At risk"
"18265","71","2","801.51",2,2,3,7,"At risk"
"17513","71","1","513.20",2,1,2,5,"At risk"
"16650","71","1","518.42",2,1,2,5,"At risk"
"17427","71","1","100.80",2,1,1,4,"At risk"
"16321","71","5","373.65",2,4,2,8,"At risk"
"12393","71","4","1582.60",2,3,3,8,"At risk"
"13901","71","5","2867.20",2,4,4,10,"At risk"
"13061","71","1","248.61",2,1,1,4,"At risk"
"15030","71","2","518.28",2,2,2,6,"At risk"
"13886","71","1","243.56",2,1,1,4,"At risk"
"15175","71","1","224.14",2,1,1,4,"At risk"
"16281","71","1","2062.06",2,1,4,7,"At risk"
"14409","70","6","2059.45",2,4,4,10,"At risk"
"15062","70","4","987.86",2,3,3,8,"At risk"
"12822","70","2","948.88",2,3,3,8,"At risk"
"14916","70","4","1268.98",2,3,3,8,"At risk"
"16268","70","2","667.65",2,2,2,6,"At risk"
"16101","70","1","1290.70",2,2,3,7,"At risk"
"14164","70","2","1631.77",2,3,3,8,"At risk"
"17724","70","3","1033.00",2,3,3,8,"At risk"
"18204","70","3","1993.70",2,3,4,9,"At risk"
"12458","70","2","947.40",2,3,3,8,"At risk"
"16589","70","3","459.24",2,3,2,7,"At risk"
"12718","70","1","238.25",2,1,1,4,"At risk"
"15321","70","3","2748.31",2,3,4,9,"At risk"
"14305","70","3","1858.96",2,3,4,9,"At risk"
"13972","70","2","190.25",2,2,1,5,"At risk"
"14681","70","3","498.95",2,3,2,7,"At risk"
"12694","70","2","869.67",2,2,3,7,"At risk"
"13364","70","1","134.96",2,1,1,4,"At risk"
"17376","70","2","203.20",2,2,1,5,"At risk"
"15593","70","1","199.80",2,1,1,4,"At risk"
"16233","70","3","536.68",2,3,2,7,"At risk"
"13092","70","5","477.83",2,4,2,8,"At risk"
"17572","70","4","226.75",2,3,1,6,"At risk"
"17905","70","4","800.24",2,3,3,8,"At risk"
"13347","70","1","341.36",2,2,2,6,"At risk"
"13095","70","1","74.40",2,1,1,4,"At risk"
"12703","70","1","283.55",2,1,1,4,"At risk"
"12728","70","4","836.33",2,3,3,8,"At risk"
"13764","70","3","1521.76",2,3,3,8,"At risk"
"18053","70","1","300.02",2,1,1,4,"At risk"
"12842","69","2","1118.99",2,3,3,8,"At risk"
"18008","69","9","2116.19",2,4,4,10,"At risk"
"16613","69","1","618.59",2,1,2,5,"At risk"
"15834","69","4","2233.75",2,3,4,9,"At risk"
"15185","69","1","310.62",2,2,2,6,"At risk"
"16404","69","1","443.05",2,1,2,5,"At risk"
"16693","68","2","482.01",2,2,2,6,"At risk"
"15774","68","1","270.80",2,1,1,4,"At risk"
"14970","68","4","1592.06",2,3,3,8,"At risk"
"15164","68","3","843.05",2,3,3,8,"At risk"
"15579","68","2","348.60",2,2,2,6,"At risk"
"16591","68","1","213.50",2,1,1,4,"At risk"
"14488","67","1","1064.28",2,2,3,7,"At risk"
"16875","67","5","2095.53",2,3,4,9,"At risk"
"12637","67","8","6021.90",2,4,4,10,"At risk"
"16774","67","4","661.52",2,3,2,7,"At risk"
"15091","67","1","480.71",2,1,2,5,"At risk"
"14193","67","2","853.39",2,2,3,7,"At risk"
"16667","67","2","570.13",2,2,2,6,"At risk"
"13431","67","2","1269.10",2,3,3,8,"At risk"
"18116","67","8","1418.03",2,4,3,9,"At risk"
"13344","67","3","2543.72",2,3,4,9,"At risk"
"14333","67","1","415.20",2,1,2,5,"At risk"
"12886","67","2","1378.40",2,3,3,8,"At risk"
"13635","67","1","1071.03",2,2,3,7,"At risk"
"14644","67","2","830.76",2,2,3,7,"At risk"
"15299","66","7","4507.01",2,4,4,10,"At risk"
"14184","66","1","452.89",2,1,2,5,"At risk"
"13351","66","1","373.94",2,2,2,6,"At risk"
"16183","66","1","338.71",2,2,2,6,"At risk"
"15739","66","1","449.12",2,1,2,5,"At risk"
"16253","66","2","3683.86",2,3,4,9,"At risk"
"13801","66","1","324.80",2,2,2,6,"At risk"
"14651","66","2","654.60",2,2,2,6,"At risk"
"12413","66","3","758.10",2,3,3,8,"At risk"
"15339","66","2","574.07",2,2,2,6,"At risk"
"13317","66","6","2273.68",2,4,4,10,"At risk"
"15930","66","1","426.63",2,1,2,5,"At risk"
"16441","66","2","381.20",2,2,2,6,"At risk"
"15255","66","1","890.85",2,1,3,6,"At risk"
"16882","66","3","705.12",2,3,3,8,"At risk"
"12457","66","7","2363.23",2,4,4,10,"At risk"
"16881","66","1","432.00",2,1,2,5,"At risk"
"16556","66","7","3313.79",2,4,4,10,"At risk"
"15241","66","8","1756.44",2,4,4,10,"At risk"
"15730","65","3","1120.88",2,3,3,8,"At risk"
"16140","65","2","725.18",2,2,3,7,"At risk"
"15127","65","1","406.53",2,1,2,5,"At risk"
"12843","65","8","1702.26",2,4,4,10,"At risk"
"15757","65","2","714.42",2,2,3,7,"At risk"
"15228","65","4","3386.71",2,3,4,9,"At risk"
"13483","65","1","140.34",2,1,1,4,"At risk"
"17382","65","1","65.4",2,1,1,4,"At risk"
"15181","65","3","689.48",2,3,3,8,"At risk"
"16040","65","3","1313.55",2,3,3,8,"At risk"
"14462","65","11","2004.02",2,4,4,10,"At risk"
"13552","65","12","3740.07",2,4,4,10,"At risk"
"17957","65","1","111.68",2,2,1,5,"At risk"
"16059","65","6","1459.86",2,4,3,9,"At risk"
"16106","65","1","108.38",2,2,1,5,"At risk"
"17483","65","3","414.04",2,3,2,7,"At risk"
"16374","65","2","473.03",2,2,2,6,"At risk"
"17667","65","5","2055.51",2,3,4,9,"At risk"
"15244","65","2","631.57",2,2,2,6,"At risk"
"13989","65","2","1266.08",2,3,3,8,"At risk"
"12789","65","1","91.85",2,1,1,4,"At risk"
"13792","65","2","195.55",2,2,1,5,"At risk"
"15276","65","1","135.31",2,1,1,4,"At risk"
"12512","65","2","138.03",2,2,1,5,"At risk"
"14389","64","2","1043.46",2,3,3,8,"At risk"
"15264","64","1","393.74",2,2,2,6,"At risk"
"13845","64","1","312.98",2,2,2,6,"At risk"
"16160","64","2","1025.44",2,3,3,8,"At risk"
"14054","64","1","92.46",2,1,1,4,"At risk"
"15048","64","4","384.05",2,3,2,7,"At risk"
"15762","64","2","583.75",2,2,2,6,"At risk"
"17647","64","1","133.06",2,1,1,4,"At risk"
"13504","64","1","295.93",2,1,1,4,"At risk"
"18033","64","1","97.97",2,1,1,4,"At risk"
"13177","64","1","282.45",2,1,1,4,"At risk"
"13947","64","1","90.60",2,1,1,4,"At risk"
"16316","64","8","2938.91",2,4,4,10,"At risk"
"15306","64","3","1174.35",2,3,3,8,"At risk"
"15837","64","1","391.98",2,2,2,6,"At risk"
"15315","64","2","570.50",2,2,2,6,"At risk"
"17222","64","1","354.15",2,2,2,6,"At risk"
"13422","64","1","2626.30",2,1,4,7,"At risk"
"15416","64","4","3984.32",2,3,4,9,"At risk"
"14538","64","2","388.25",2,2,2,6,"At risk"
"15518","64","8","1942.45",2,4,4,10,"At risk"
"14819","64","2","272.07",2,2,1,5,"At risk"
"16895","64","1","219.14",2,1,1,4,"At risk"
"14317","64","1","508.58",2,1,2,5,"At risk"
"13591","64","3","1117.13",2,3,3,8,"At risk"
"13602","64","1","428.89",2,1,2,5,"At risk"
"14396","64","2","487.99",2,2,2,6,"At risk"
"16758","64","1","369.34",2,2,2,6,"At risk"
"16803","64","1","332.30",2,2,2,6,"At risk"
"13348","63","1","233.76",2,1,1,4,"At risk"
"12885","63","3","1175.22",2,3,3,8,"At risk"
"16184","63","6","1158.79",2,4,3,9,"At risk"
"16477","63","7","2494.46",2,4,4,10,"At risk"
"13023","63","2","689.90",2,2,3,7,"At risk"
"13876","63","1","122.70",2,2,1,5,"At risk"
"12420","63","1","600.39",2,1,2,5,"At risk"
"13689","63","1","910.00",2,1,3,6,"At risk"
"16432","63","1","287.40",2,1,1,4,"At risk"
"17921","63","4","826.52",2,3,3,8,"At risk"
"13276","63","2","590.93",2,2,2,6,"At risk"
"12519","63","1","340.84",2,2,2,6,"At risk"
"13419","63","1","221.06",2,1,1,4,"At risk"
"15300","63","1","496.44",2,1,2,5,"At risk"
"12923","63","1","176.97",2,1,1,4,"At risk"
"17030","63","1","146.87",2,1,1,4,"At risk"
"13587","63","1","712.40",2,1,3,6,"At risk"
"14844","63","4","3189.81",2,3,4,9,"At risk"
"12394","63","2","1272.48",2,3,3,8,"At risk"
"15937","63","1","145.35",2,1,1,4,"At risk"
"14257","63","5","3099.72",2,4,4,10,"At risk"
"16455","63","7","1841.18",2,4,4,10,"At risk"
"13806","63","1","256.38",2,1,1,4,"At risk"
"15874","63","7","4405.88",2,4,4,10,"At risk"
"14792","63","1","6.20",2,1,1,4,"At risk"
"13771","63","4","2634.45",2,3,4,9,"At risk"
"14518","63","1","174.37",2,1,1,4,"At risk"
"12740","63","1","427.60",2,1,2,5,"At risk"
"14067","63","2","374.70",2,2,2,6,"At risk"
"15815","63","5","2100.60",2,3,4,9,"At risk"
"12781","63","2","826.74",2,2,3,7,"At risk"
"13169","63","2","712.88",2,2,3,7,"At risk"
"13359","63","1","439.56",2,1,2,5,"At risk"
"12939","63","8","11581.80",2,4,4,10,"At risk"
"15766","63","1","315.06",2,2,2,6,"At risk"
"14959","63","4","695.42",2,3,3,8,"At risk"
"13049","63","2","656.68",2,2,2,6,"At risk"
"15706","63","4","1060.56",2,3,3,8,"At risk"
"16354","62","2","395.80",2,2,2,6,"At risk"
"18136","62","3","784.33",2,3,3,8,"At risk"
"13763","62","1","1714.96",2,1,4,7,"At risk"
"12492","62","2","263.21",2,2,1,5,"At risk"
"14029","62","2","467.66",2,2,2,6,"At risk"
"18088","61","1","167.67",2,1,1,4,"At risk"
"16104","61","1","302.36",2,1,1,4,"At risk"
"13260","61","1","557.62",2,1,2,5,"At risk"
"16248","61","1","152.94",2,1,1,4,"At risk"
"15756","61","4","532.96",2,3,2,7,"At risk"
"13259","61","1","292.32",2,1,1,4,"At risk"
"16595","61","1","360.16",2,2,2,6,"At risk"
"16685","60","2","324.24",2,2,2,6,"At risk"
"16385","60","3","555.89",2,3,2,7,"At risk"
"13373","60","3","3312.25",2,3,4,9,"At risk"
"14514","60","3","1055.35",2,3,3,8,"At risk"
"17025","60","3","357.77",2,3,2,7,"At risk"
"16776","60","1","388.28",2,2,2,6,"At risk"
"16982","60","1","384.06",2,2,2,6,"At risk"
"13193","60","1","117.88",2,2,1,5,"At risk"
"13473","60","2","422.64",2,2,2,6,"At risk"
"14027","60","1","104.82",2,1,1,4,"At risk"
"16518","60","2","484.32",2,2,2,6,"At risk"
"17648","60","4","1797.50",2,3,4,9,"At risk"
"16380","60","1","1780.59",2,1,4,7,"At risk"
"16179","60","1","215.83",2,1,1,4,"At risk"
"18126","60","1","206.83",2,1,1,4,"At risk"
"18169","60","1","202.65",2,1,1,4,"At risk"
"13980","60","1","200.14",2,1,1,4,"At risk"
"14801","60","1","193.14",2,1,1,4,"At risk"
"14665","60","5","1835.70",2,4,4,10,"At risk"
"16921","60","1","169.79",2,1,1,4,"At risk"
"14128","60","2","637.50",2,2,2,6,"At risk"
"16395","60","5","1486.90",2,4,3,9,"At risk"
"17214","60","6","1069.12",2,4,3,9,"At risk"
"14451","60","2","662.59",2,2,2,6,"At risk"
"15193","60","1","499.32",2,1,2,5,"At risk"
"14201","60","7","747.44",2,4,3,9,"At risk"
"15304","60","8","694.40",2,4,3,9,"At risk"
"15606","60","9","2920.16",2,4,4,10,"At risk"
"15211","60","2","894.41",2,2,3,7,"At risk"
"13283","59","2","93.66",2,2,1,5,"At risk"
"17462","59","2","675.69",2,2,3,7,"At risk"
"14529","59","3","620.04",2,3,2,7,"At risk"
"17552","59","4","930.41",2,3,3,8,"At risk"
"16086","59","5","1121.39",2,4,3,9,"At risk"
"13224","59","2","2155.95",2,3,4,9,"At risk"
"17589","59","4","2404.17",2,3,4,9,"At risk"
"14175","59","3","3222.30",2,3,4,9,"At risk"
"12772","59","1","892.47",2,1,3,6,"At risk"
"14535","59","3","2864.19",2,3,4,9,"At risk"
"12607","59","1","1579.51",2,1,3,6,"At risk"
"12530","59","4","1662.28",2,3,4,9,"At risk"
"13109","59","2","786.54",2,2,3,7,"At risk"
"17620","59","1","81.44",2,1,1,4,"At risk"
"15886","59","1","181.09",2,1,1,4,"At risk"
"14857","59","2","1173.12",2,3,3,8,"At risk"
"15553","59","1","437.23",2,1,2,5,"At risk"
"17284","59","6","1652.58",2,4,3,9,"At risk"
"15128","59","4","1471.00",2,3,3,8,"At risk"
"16861","59","2","173.76",2,2,1,5,"At risk"
"16136","59","3","709.38",2,3,3,8,"At risk"
"13666","59","3","84.65",2,3,1,6,"At risk"
"13352","59","1","397.98",2,2,2,6,"At risk"
"13517","59","3","2128.42",2,3,4,9,"At risk"
"14952","59","11","8099.49",2,4,4,10,"At risk"
"12824","59","1","397.12",2,2,2,6,"At risk"
"17863","59","6","3160.00",2,4,4,10,"At risk"
"16652","58","7","6773.97",2,4,4,10,"At risk"
"15831","58","3","801.76",2,3,3,8,"At risk"
"15199","58","4","1268.70",2,3,3,8,"At risk"
"13627","58","5","1638.47",2,4,3,9,"At risk"
"17489","58","2","376.64",2,2,2,6,"At risk"
"15840","58","2","355.56",2,2,2,6,"At risk"
"16120","58","4","1309.14",2,3,3,8,"At risk"
"13865","58","4","501.56",2,3,2,7,"At risk"
"12679","58","4","1113.02",2,3,3,8,"At risk"
"13919","58","2","384.81",2,2,2,6,"At risk"
"13520","58","6","3624.35",2,4,4,10,"At risk"
"15038","58","6","705.49",2,4,3,9,"At risk"
"15281","58","9","2332.15",2,4,4,10,"At risk"
"13208","58","6","1223.90",2,4,3,9,"At risk"
"16203","58","4","592.90",2,3,2,7,"At risk"
"15421","58","4","950.36",2,3,3,8,"At risk"
"14541","58","8","1461.65",2,4,3,9,"At risk"
"12602","58","1","153.12",2,1,1,4,"At risk"
"17913","58","2","411.60",2,2,2,6,"At risk"
"13690","58","1","172.25",2,1,1,4,"At risk"
"14761","58","2","255.90",2,2,1,5,"At risk"
"12836","58","4","2612.86",2,3,4,9,"At risk"
"13842","58","9","3385.62",2,4,4,10,"At risk"
"12633","58","4","2163.98",2,3,4,9,"At risk"
"18171","58","5","1231.31",2,4,3,9,"At risk"
"16753","58","1","223.92",2,1,1,4,"At risk"
"17064","58","3","859.35",2,3,3,8,"At risk"
"16171","58","1","73.20",2,1,1,4,"At risk"
"14642","58","1","96.12",2,1,1,4,"At risk"
"17190","58","2","444.74",2,2,2,6,"At risk"
"14852","58","6","2836.69",2,4,4,10,"At risk"
"17509","57","8","6115.14",2,4,4,10,"At risk"
"12876","57","2","2218.02",2,3,4,9,"At risk"
"14775","57","3","1011.90",2,3,3,8,"At risk"
"18277","57","1","110.38",2,2,1,5,"At risk"
"13487","57","3","575.40",2,3,2,7,"At risk"
"13930","57","2","337.34",2,2,2,6,"At risk"
"17279","57","1","187.83",2,1,1,4,"At risk"
"12667","57","1","620.13",2,1,2,5,"At risk"
"15272","57","2","721.94",2,2,3,7,"At risk"
"16770","57","5","770.10",2,3,3,8,"At risk"
"14537","57","1","355.56",2,2,2,6,"At risk"
"13827","57","3","412.05",2,3,2,7,"At risk"
"12446","57","1","1002.31",2,2,3,7,"At risk"
"14624","57","2","225.85",2,2,1,5,"At risk"
"17169","57","2","835.78",2,2,3,7,"At risk"
"14421","57","2","813.11",2,2,3,7,"At risk"
"12359","57","4","6372.58",2,3,4,9,"At risk"
"16121","57","2","867.11",2,2,3,7,"At risk"
"13464","57","1","674.68",2,1,3,6,"At risk"
"16224","56","4","1295.30",2,3,3,8,"At risk"
"17771","56","2","245.81",2,2,1,5,"At risk"
"13006","56","1","81.57",2,1,1,4,"At risk"
"16793","56","1","243.84",2,1,1,4,"At risk"
"16394","56","5","1555.34",2,4,3,9,"At risk"
"16773","56","1","171.59",2,1,1,4,"At risk"
"12613","56","5","3344.38",2,4,4,10,"At risk"
"15367","56","4","1877.59",2,3,4,9,"At risk"
"16413","56","1","262.20",2,1,1,4,"At risk"
"14937","56","3","1621.88",2,3,3,8,"At risk"
"13213","56","5","1520.58",2,4,3,9,"At risk"
"14975","56","1","279.94",2,1,1,4,"At risk"
"16081","56","5","2806.90",2,4,4,10,"At risk"
"14089","56","1","161.00",2,1,1,4,"At risk"
"13136","56","5","2607.61",2,4,4,10,"At risk"
"18160","56","2","638.06",2,2,2,6,"At risk"
"15620","56","3","1553.18",2,3,3,8,"At risk"
"16430","56","1","300.85",2,1,1,4,"At risk"
"16950","56","3","1178.56",2,3,3,8,"At risk"
"12631","56","1","640.50",2,1,2,5,"At risk"
"13853","56","1","1090.14",2,2,3,7,"At risk"
"16239","56","2","414.20",2,2,2,6,"At risk"
"14976","56","7","790.86",2,4,3,9,"At risk"
"17614","56","1","390.07",2,2,2,6,"At risk"
"13911","56","9","2580.91",2,4,4,10,"At risk"
"14555","56","2","324.14",2,2,2,6,"At risk"
"18228","56","2","779.90",2,2,3,7,"At risk"
"13858","56","1","216.17",2,1,1,4,"At risk"
"17181","56","2","239.92",2,2,1,5,"At risk"
"14567","56","2","1530.36",2,3,3,8,"At risk"
"17986","55","1","20.80",2,1,1,4,"At risk"
"17180","55","4","796.03",2,3,3,8,"At risk"
"12454","55","1","3528.34",2,1,4,7,"At risk"
"15826","55","3","1654.31",2,3,3,8,"At risk"
"17892","55","3","244.10",2,3,1,6,"At risk"
"16206","54","4","537.06",2,3,2,7,"At risk"
"15440","54","3","383.68",2,3,2,7,"At risk"
"16934","54","2","950.93",2,3,3,8,"At risk"
"14780","54","2","447.68",2,2,2,6,"At risk"
"12940","54","2","913.54",2,2,3,7,"At risk"
"15545","54","2","292.72",2,2,1,5,"At risk"
"13878","54","1","1281.53",2,2,3,7,"At risk"
"13034","54","2","642.77",2,2,2,6,"At risk"
"15994","54","1","427.07",2,1,2,5,"At risk"
"16674","54","2","319.61",2,2,2,6,"At risk"
"16563","53","1","1077.74",2,2,3,7,"At risk"
"13875","53","5","1786.79",2,4,4,10,"At risk"
"13923","53","1","351.13",2,2,2,6,"At risk"
"17205","53","1","384.08",2,2,2,6,"At risk"
"14443","53","4","1420.20",2,3,3,8,"At risk"
"16052","53","1","362.06",2,2,2,6,"At risk"
"16412","53","1","151.83",2,1,1,4,"At risk"
"17527","53","4","939.37",2,3,3,8,"At risk"
"17734","53","3","700.63",2,3,3,8,"At risk"
"18042","53","1","165.05",2,1,1,4,"At risk"
"14211","53","9","2241.10",2,4,4,10,"At risk"
"13015","53","5","3346.28",2,4,4,10,"At risk"
"15066","53","1","893.59",2,1,3,6,"At risk"
"13760","53","2","286.79",2,2,1,5,"At risk"
"15335","53","1","173.97",2,1,1,4,"At risk"
"17534","53","1","223.36",2,1,1,4,"At risk"
"16737","53","1","417.60",2,1,2,5,"At risk"
"17785","53","1","131.94",2,1,1,4,"At risk"
"12463","53","4","1344.78",2,3,3,8,"At risk"
"13750","53","5","1647.26",2,4,3,9,"At risk"
"17520","53","1","546.81",2,1,2,5,"At risk"
"16542","53","1","119.62",2,2,1,5,"At risk"
"12475","53","1","723.38",2,1,3,6,"At risk"
"17201","53","1","342.63",2,2,2,6,"At risk"
"17206","53","1","204.24",2,1,1,4,"At risk"
"15012","53","2","423.04",2,2,2,6,"At risk"
"15678","52","1","352.70",2,2,2,6,"At risk"
"16363","52","1","109.36",2,2,1,5,"At risk"
"14841","52","6","3295.76",2,4,4,10,"At risk"
"17244","52","1","954.90",2,2,3,7,"At risk"
"16515","52","5","1627.13",2,4,3,9,"At risk"
"13594","52","1","396.97",2,2,2,6,"At risk"
"14830","52","1","197.13",2,1,1,4,"At risk"
"17612","52","6","2048.45",2,4,4,10,"At risk"
"14861","52","1","125.79",2,2,1,5,"At risk"
"13637","52","3","810.50",2,3,3,8,"At risk"
"14015","52","1","917.34",2,2,3,7,"At risk"
"16389","52","4","1382.07",2,3,3,8,"At risk"
"14798","52","3","173.74",2,3,1,6,"At risk"
"16734","52","3","650.51",2,3,2,7,"At risk"
"16848","52","1","281.42",2,1,1,4,"At risk"
"16932","52","1","161.94",2,1,1,4,"At risk"
"17679","52","2","1992.11",2,3,4,9,"At risk"
"16940","52","3","3049.88",2,3,4,9,"At risk"
"12794","52","2","860.41",2,2,3,7,"At risk"
"15505","52","5","3610.96",2,4,4,10,"At risk"
"15637","52","1","223.36",2,1,1,4,"At risk"
"15598","52","1","240.68",2,1,1,4,"At risk"
"16249","52","5","1800.07",2,4,4,10,"At risk"
"15327","52","1","208.75",2,1,1,4,"At risk"
"13265","52","5","2107.66",2,4,4,10,"At risk"
"17262","52","5","1253.36",2,4,3,9,"At risk"
"12611","52","1","1193.32",2,2,3,7,"At risk"
"13805","51","2","924.60",2,2,3,7,"At risk"
"18019","51","1","38.45",2,1,1,4,"At risk"
"12863","51","1","521.20",2,1,2,5,"At risk"
"14381","51","1","202.68",2,1,1,4,"At risk"
"15604","51","1","216.39",2,1,1,4,"At risk"
"16123","51","1","307.78",2,2,2,6,"At risk"
"15853","51","1","110.80",2,2,1,5,"At risk"
"15610","51","1","112.46",2,2,1,5,"At risk"
"17973","51","1","337.04",2,2,2,6,"At risk"
"17148","51","1","124.88",2,2,1,5,"At risk"
"15468","51","2","467.51",2,2,2,6,"At risk"
"12596","51","2","618.27",2,2,2,6,"At risk"
"17934","51","2","704.25",2,2,3,7,"At risk"
"13032","51","2","1010.18",2,3,3,8,"At risk"
"13849","51","2","1537.95",2,3,3,8,"At risk"
"14306","51","2","2093.32",2,3,4,9,"At risk"
"14229","51","3","1547.20",2,3,3,8,"At risk"
"12759","51","3","1531.44",2,3,3,8,"At risk"
"16730","51","3","743.11",2,3,3,8,"At risk"
"12360","51","3","2662.06",2,3,4,9,"At risk"
"16470","51","4","762.39",2,3,3,8,"At risk"
"16621","51","4","813.48",2,3,3,8,"At risk"
"14273","51","4","559.97",2,3,2,7,"At risk"
"15220","51","6","1778.96",2,4,4,10,"At risk"
"14639","51","6","2984.49",2,4,4,10,"At risk"
"16131","51","6","3506.54",2,4,4,10,"At risk"
"12744","51","7","21279.29",2,4,4,10,"At risk"
"14107","51","7","2703.23",2,4,4,10,"At risk"
"15140","51","7","2354.25",2,4,4,10,"At risk"
"13491","51","10","1215.82",2,4,3,9,"At risk"
"16170","50","6","1885.05",2,4,4,10,"At risk"
"16593","50","3","330.03",2,3,2,7,"At risk"
"16099","50","3","731.90",2,3,3,8,"At risk"
"13245","50","1","430.50",2,1,2,5,"At risk"
"14638","50","1","443.60",2,1,2,5,"At risk"
"15664","50","1","386.43",2,2,2,6,"At risk"
"14799","50","1","157.70",2,1,1,4,"At risk"
"15006","50","1","502.09",2,1,2,5,"At risk"
"12370","50","4","3545.69",2,3,4,9,"At risk"
"16177","50","1","331.95",2,2,2,6,"At risk"
"16260","50","1","1035.45",2,2,3,7,"At risk"
"14923","50","1","749.10",2,1,3,6,"At risk"
"13366","50","1","56.16",2,1,1,4,"At risk"
"18149","50","3","612.08",2,3,2,7,"At risk"
"18252","50","2","526.67",2,2,2,6,"At risk"
"15803","50","1","415.82",2,1,2,5,"At risk"
"12556","50","2","603.71",3,2,2,7,"New costumer"
"14776","50","11","2538.30",3,4,4,11,"Loyal Customer"
"15754","50","3","458.57",3,3,2,8,"Loyal Customer"
"16826","50","1","341.70",3,2,2,7,"New costumer"
"14631","50","3","1006.98",3,3,3,9,"Loyal Customer"
"14261","50","2","1163.45",3,3,3,9,"Loyal Customer"
"17007","50","6","889.93",3,4,3,10,"Loyal Customer"
"17764","50","2","818.82",3,2,3,8,"New costumer"
"17354","50","1","1393.06",3,1,3,7,"New costumer"
"15301","50","12","5070.35",3,4,4,11,"Loyal Customer"
"14495","50","2","123.80",3,2,1,6,"New costumer"
"13669","50","2","218.55",3,2,1,6,"New costumer"
"17824","50","1","298.40",3,1,1,5,"New costumer"
"15587","50","4","913.68",3,3,3,9,"Loyal Customer"
"15296","50","6","3672.86",3,4,4,11,"Loyal Customer"
"15807","49","3","903.90",3,3,3,9,"Loyal Customer"
"13157","49","4","1741.22",3,3,4,10,"Loyal Customer"
"15129","49","11","3447.40",3,4,4,11,"Loyal Customer"
"16846","49","1","214.32",3,1,1,5,"New costumer"
"16918","49","6","1068.82",3,4,3,10,"Loyal Customer"
"15121","49","2","457.72",3,2,2,7,"New costumer"
"12407","49","5","1708.12",3,4,4,11,"Loyal Customer"
"12403","49","1","427.70",3,1,2,6,"New costumer"
"13917","49","2","272.04",3,2,1,6,"New costumer"
"13725","49","8","1980.56",3,4,4,11,"Loyal Customer"
"17672","49","2","3178.17",3,3,4,10,"Loyal Customer"
"13897","49","1","311.16",3,2,2,7,"New costumer"
"16497","49","6","2965.69",3,4,4,11,"Loyal Customer"
"17940","49","10","4106.44",3,4,4,11,"Loyal Customer"
"15565","49","2","173.16",3,2,1,6,"New costumer"
"17832","49","1","155.37",3,1,1,5,"New costumer"
"17092","49","4","1777.78",3,3,4,10,"Loyal Customer"
"15836","49","1","137.37",3,1,1,5,"New costumer"
"15286","49","1","240.55",3,1,1,5,"New costumer"
"13573","49","2","294.40",3,2,1,6,"New costumer"
"14427","49","2","363.34",3,2,2,7,"New costumer"
"15469","49","2","538.55",3,2,2,7,"New costumer"
"13761","49","2","1070.65",3,3,3,9,"Loyal Customer"
"14967","49","1","463.80",3,1,2,6,"New costumer"
"16153","49","5","1824.23",3,4,4,11,"Loyal Customer"
"17420","49","3","598.83",3,3,2,8,"Loyal Customer"
"17571","49","4","1498.51",3,3,3,9,"Loyal Customer"
"14585","49","1","157.05",3,1,1,5,"New costumer"
"13918","49","2","1212.84",3,3,3,9,"Loyal Customer"
"14484","49","1","321.92",3,2,2,7,"New costumer"
"17125","49","1","259.35",3,1,1,5,"New costumer"
"15677","48","1","657.23",3,1,2,6,"New costumer"
"17361","48","3","488.20",3,3,2,8,"Loyal Customer"
"15819","48","4","1905.45",3,3,4,10,"Loyal Customer"
"14233","48","4","1462.72",3,3,3,9,"Loyal Customer"
"15740","48","1","154.88",3,1,1,5,"New costumer"
"13974","48","1","413.59",3,1,2,6,"New costumer"
"15000","47","1","490.52",3,1,2,6,"New costumer"
"16686","47","7","3062.83",3,4,4,11,"Loyal Customer"
"14800","47","12","4339.74",3,4,4,11,"Loyal Customer"
"16768","47","3","478.09",3,3,2,8,"Loyal Customer"
"16017","47","1","211.88",3,1,1,5,"New costumer"
"16007","47","4","1701.94",3,3,4,10,"Loyal Customer"
"15142","46","1","498.74",3,1,2,6,"New costumer"
"14474","46","1","547.66",3,1,2,6,"New costumer"
"13598","46","1","180.17",3,1,1,5,"New costumer"
"14997","46","3","546.20",3,3,2,8,"Loyal Customer"
"14139","46","1","415.82",3,1,2,6,"New costumer"
"16325","46","3","594.24",3,3,2,8,"Loyal Customer"
"17423","46","2","698.41",3,2,3,8,"New costumer"
"17111","46","1","248.61",3,1,1,5,"New costumer"
"17836","46","1","110.21",3,2,1,6,"New costumer"
"14731","46","3","380.02",3,3,2,8,"Loyal Customer"
"14145","46","4","3742.20",3,3,4,10,"Loyal Customer"
"14504","46","4","673.26",3,3,2,8,"Loyal Customer"
"16742","46","1","464.9",3,1,2,6,"New costumer"
"15277","46","1","255.90",3,1,1,5,"New costumer"
"14764","46","1","278.30",3,1,1,5,"New costumer"
"15215","46","3","734.94",3,3,3,9,"Loyal Customer"
"18240","46","1","422.58",3,1,2,6,"New costumer"
"17344","46","1","160.57",3,1,1,5,"New costumer"
"16491","46","1","731.50",3,1,3,7,"New costumer"
"14312","46","6","1611.59",3,4,3,10,"Loyal Customer"
"16444","46","4","654.67",3,3,2,8,"Loyal Customer"
"15592","46","1","388.58",3,2,2,7,"New costumer"
"16019","46","9","3786.24",3,4,4,11,"Loyal Customer"
"17186","46","2","144.00",3,2,1,6,"New costumer"
"14019","46","3","1421.61",3,3,3,9,"Loyal Customer"
"12546","46","2","1161.50",3,3,3,9,"Loyal Customer"
"18045","45","1","189.40",3,1,1,5,"New costumer"
"16708","45","1","656.63",3,1,2,6,"New costumer"
"14001","45","3","2043.08",3,3,4,10,"Loyal Customer"
"15801","45","3","1063.95",3,3,3,9,"Loyal Customer"
"17317","45","3","2600.34",3,3,4,10,"Loyal Customer"
"13182","45","1","121.18",3,2,1,6,"New costumer"
"16023","45","3","719.81",3,3,3,9,"Loyal Customer"
"13165","45","2","1021.48",3,3,3,9,"Loyal Customer"
"17024","45","3","95.85",3,3,1,7,"Loyal Customer"
"18147","45","2","179.34",3,2,1,6,"New costumer"
"17917","45","3","341.28",3,3,2,8,"Loyal Customer"
"13652","45","3","1095.08",3,3,3,9,"Loyal Customer"
"12398","45","1","1635.66",3,1,3,7,"New costumer"
"15786","45","3","4932.20",3,3,4,10,"Loyal Customer"
"15844","45","1","130.74",3,1,1,5,"New costumer"
"15806","45","3","784.58",3,3,3,9,"Loyal Customer"
"15345","45","1","393.54",3,2,2,7,"New costumer"
"16258","45","5","5203.51",3,4,4,11,"Loyal Customer"
"13481","45","5","1804.56",3,4,4,11,"Loyal Customer"
"17004","45","2","1412.94",3,3,3,9,"Loyal Customer"
"16728","45","4","1054.67",3,3,3,9,"Loyal Customer"
"15068","45","2","553.36",3,2,2,7,"New costumer"
"13340","45","7","10736.48",3,4,4,11,"Loyal Customer"
"13176","45","1","492.84",3,1,2,6,"New costumer"
"16750","44","5","623.93",3,4,2,9,"Loyal Customer"
"12879","44","3","573.22",3,3,2,8,"Loyal Customer"
"16418","44","3","675.27",3,3,3,9,"Loyal Customer"
"16071","44","1","326.24",3,2,2,7,"New costumer"
"13601","44","2","693.32",3,2,3,8,"New costumer"
"15240","44","5","1706.57",3,4,4,11,"Loyal Customer"
"12371","44","2","1887.96",3,3,4,10,"Loyal Customer"
"15630","44","2","1186.35",3,3,3,9,"Loyal Customer"
"14598","44","1","221.97",3,1,1,5,"New costumer"
"16415","44","1","210.35",3,1,1,5,"New costumer"
"15516","44","3","62.43",3,3,1,7,"Loyal Customer"
"17928","44","2","212.54",3,2,1,6,"New costumer"
"12448","44","1","449.45",3,1,2,6,"New costumer"
"15158","44","1","401.40",3,2,2,7,"New costumer"
"15320","44","1","267.13",3,1,1,5,"New costumer"
"15656","44","4","748.50",3,3,3,9,"Loyal Customer"
"17712","44","1","522.91",3,1,2,6,"New costumer"
"14754","44","2","638.05",3,2,2,7,"New costumer"
"16225","44","5","1096.32",3,4,3,10,"Loyal Customer"
"12812","44","1","229.64",3,1,1,5,"New costumer"
"16454","44","2","6.90",3,2,1,6,"New costumer"
"18226","44","11","5228.05",3,4,4,11,"Loyal Customer"
"18079","44","4","3651.97",3,3,4,10,"Loyal Customer"
"14315","44","6","2481.13",3,4,4,11,"Loyal Customer"
"16110","44","3","1337.48",3,3,3,9,"Loyal Customer"
"16056","44","1","664.85",3,1,2,6,"New costumer"
"14341","44","8","2182.28",3,4,4,11,"Loyal Customer"
"16188","44","4","981.86",3,3,3,9,"Loyal Customer"
"17470","44","5","1125.07",3,3,3,9,"Loyal Customer"
"16208","44","2","664.26",3,2,2,7,"New costumer"
"17459","43","2","657.30",3,2,2,7,"New costumer"
"13416","43","2","712.50",3,2,3,8,"New costumer"
"15990","43","2","792.11",3,2,3,8,"New costumer"
"15791","43","2","1612.69",3,3,3,9,"Loyal Customer"
"12456","43","3","3181.04",3,3,4,10,"Loyal Customer"
"17895","43","1","98.00",3,1,1,5,"New costumer"
"15659","43","1","306.45",3,1,1,5,"New costumer"
"15821","43","2","570.96",3,2,2,7,"New costumer"
"15835","43","4","954.09",3,3,3,9,"Loyal Customer"
"14379","43","2","348.10",3,2,2,7,"New costumer"
"14842","43","4","2824.69",3,3,4,10,"Loyal Customer"
"14690","43","2","371.70",3,2,2,7,"New costumer"
"16232","43","4","990.88",3,3,3,9,"Loyal Customer"
"13107","43","4","1531.62",3,3,3,9,"Loyal Customer"
"17684","43","1","239.41",3,1,1,5,"New costumer"
"17175","43","4","1443.69",3,3,3,9,"Loyal Customer"
"18276","43","1","335.86",3,2,2,7,"New costumer"
"16847","43","1","193.44",3,1,1,5,"New costumer"
"14752","43","1","389.64",3,2,2,7,"New costumer"
"16345","43","1","575.41",3,1,2,6,"New costumer"
"17414","43","2","778.00",3,2,3,8,"New costumer"
"17878","43","1","379.45",3,2,2,7,"New costumer"
"12536","42","3","12601.83",3,3,4,10,"Loyal Customer"
"14738","42","7","1314.45",3,4,3,10,"Loyal Customer"
"17669","42","7","3406.72",3,4,4,11,"Loyal Customer"
"12432","42","5","5059.32",3,4,4,11,"Loyal Customer"
"14218","42","1","169.48",3,1,1,5,"New costumer"
"14232","42","5","2048.07",3,4,4,11,"Loyal Customer"
"16648","42","1","290.66",3,1,1,5,"New costumer"
"12430","42","1","256.40",3,1,1,5,"New costumer"
"12678","42","12","17628.46",3,4,4,11,"Loyal Customer"
"14239","42","11","2380.85",3,4,4,11,"Loyal Customer"
"16026","42","1","236.09",3,1,1,5,"New costumer"
"14357","42","1","225.77",3,1,1,5,"New costumer"
"15096","42","1","219.39",3,1,1,5,"New costumer"
"13654","42","6","2707.33",3,4,4,11,"Loyal Customer"
"18287","42","3","1837.28",3,3,4,10,"Loyal Customer"
"13993","42","9","3466.36",3,4,4,11,"Loyal Customer"
"14221","42","9","3432.80",3,4,4,11,"Loyal Customer"
"15014","42","2","260.17",3,2,1,6,"New costumer"
"14412","42","2","770.03",3,2,3,8,"New costumer"
"15622","42","9","3709.56",3,4,4,11,"Loyal Customer"
"14498","42","5","1957.32",3,4,4,11,"Loyal Customer"
"16843","42","16","10196.57",3,4,4,11,"Loyal Customer"
"17418","42","2","463.46",3,2,2,7,"New costumer"
"16680","42","1","183.70",3,1,1,5,"New costumer"
"16150","42","5","2053.02",3,3,4,10,"Loyal Customer"
"15288","42","5","2306.52",3,3,4,10,"Loyal Customer"
"18261","42","2","324.24",3,2,2,7,"New costumer"
"16102","42","3","1842.14",3,3,4,10,"Loyal Customer"
"14004","42","7","4582.64",3,4,4,11,"Loyal Customer"
"13538","42","7","1280.85",3,4,3,10,"Loyal Customer"
"17545","42","3","645.96",3,3,2,8,"Loyal Customer"
"14716","42","2","329.68",3,2,2,7,"New costumer"
"17272","41","4","2148.63",3,3,4,10,"Loyal Customer"
"17837","41","8","1593.38",3,4,3,10,"Loyal Customer"
"17839","41","1","338.80",3,2,2,7,"New costumer"
"13812","41","3","539.00",3,3,2,8,"Loyal Customer"
"16554","41","3","837.10",3,3,3,9,"Loyal Customer"
"12895","41","2","372.80",3,2,2,7,"New costumer"
"15860","40","8","977.21",3,4,3,10,"Loyal Customer"
"14810","40","11","2087.88",3,4,4,11,"Loyal Customer"
"16601","40","1","244.80",3,1,1,5,"New costumer"
"13278","40","1","542.73",3,1,2,6,"New costumer"
"17609","40","5","1112.22",3,4,3,10,"Loyal Customer"
"14040","40","12","3614.92",3,4,4,11,"Loyal Customer"
"14582","40","1","114.11",3,2,1,6,"New costumer"
"13524","40","5","680.18",3,4,3,10,"Loyal Customer"
"14179","40","2","719.78",3,2,3,8,"New costumer"
"15370","40","7","2386.05",3,4,4,11,"Loyal Customer"
"16235","40","5","867.31",3,4,3,10,"Loyal Customer"
"15865","40","3","895.13",3,3,3,9,"Loyal Customer"
"13566","40","2","874.71",3,2,3,8,"New costumer"
"17372","40","8","1342.68",3,4,3,10,"Loyal Customer"
"15708","40","7","3364.24",3,4,4,11,"Loyal Customer"
"17255","40","2","298.41",3,2,1,6,"New costumer"
"15059","40","9","1337.72",3,4,3,10,"Loyal Customer"
"14077","40","5","499.42",3,4,2,9,"Loyal Customer"
"17018","40","2","920.10",3,2,3,8,"New costumer"
"12581","39","1","197.71",3,1,1,5,"New costumer"
"13607","39","1","678.01",3,1,3,7,"New costumer"
"15376","39","3","1233.36",3,3,3,9,"Loyal Customer"
"15521","39","8","3000.20",3,4,4,11,"Loyal Customer"
"15667","39","1","301.32",3,1,1,5,"New costumer"
"14158","39","1","507.66",3,1,2,6,"New costumer"
"17951","39","3","1008.54",3,3,3,9,"Loyal Customer"
"15478","39","2","1441.42",3,3,3,9,"Loyal Customer"
"16836","39","2","251.87",3,2,1,6,"New costumer"
"12571","39","2","519.61",3,2,2,7,"New costumer"
"13813","39","4","1366.86",3,3,3,9,"Loyal Customer"
"13103","39","1","243.94",3,1,1,5,"New costumer"
"13544","39","2","291.41",3,2,1,6,"New costumer"
"15748","39","1","149.31",3,1,1,5,"New costumer"
"16049","39","3","1111.79",3,3,3,9,"Loyal Customer"
"14808","39","8","2741.17",3,4,4,11,"Loyal Customer"
"16190","39","1","215.08",3,1,1,5,"New costumer"
"13186","39","3","1575.89",3,3,3,9,"Loyal Customer"
"15752","39","7","2637.38",3,4,4,11,"Loyal Customer"
"15385","39","1","316.88",3,2,2,7,"New costumer"
"17447","39","2","541.53",3,2,2,7,"New costumer"
"17373","39","4","646.92",3,3,2,8,"Loyal Customer"
"17796","39","4","697.90",3,3,3,9,"Loyal Customer"
"12909","39","5","2178.67",3,4,4,11,"Loyal Customer"
"17213","39","7","2781.23",3,4,4,11,"Loyal Customer"
"14295","39","1","166.20",3,1,1,5,"New costumer"
"13421","39","2","1851.08",3,3,4,10,"Loyal Customer"
"13617","39","3","544.18",3,3,2,8,"Loyal Customer"
"13145","39","4","618.52",3,3,2,8,"Loyal Customer"
"15669","39","4","684.34",3,3,3,9,"Loyal Customer"
"15360","39","1","427.93",3,1,2,6,"New costumer"
"18067","39","1","396.33",3,2,2,7,"New costumer"
"16960","38","3","507.05",3,3,2,8,"Loyal Customer"
"16029","38","63","81024.84",3,4,4,11,"Loyal Customer"
"12674","38","4","1970.60",3,3,4,10,"Loyal Customer"
"12588","38","1","214.90",3,1,1,5,"New costumer"
"15018","38","3","496.21",3,3,2,8,"Loyal Customer"
"13327","38","8","3627.77",3,4,4,11,"Loyal Customer"
"12491","38","1","460.40",3,1,2,6,"New costumer"
"12552","38","2","437.82",3,2,2,7,"New costumer"
"13461","38","3","1445.00",3,3,3,9,"Loyal Customer"
"14995","38","2","233.23",3,2,1,6,"New costumer"
"15329","38","3","1049.70",3,3,3,9,"Loyal Customer"
"13292","38","2","578.94",3,2,2,7,"New costumer"
"14167","38","4","574.84",3,3,2,8,"Loyal Customer"
"17166","38","2","206.34",3,2,1,6,"New costumer"
"16018","38","2","408.90",3,2,2,7,"New costumer"
"18257","38","8","2337.63",3,4,4,11,"Loyal Customer"
"12522","38","2","192.72",3,2,1,6,"New costumer"
"13726","38","2","1079.66",3,3,3,9,"Loyal Customer"
"17396","38","8","7330.80",3,4,4,11,"Loyal Customer"
"16830","38","1","325.91",3,2,2,7,"New costumer"
"13982","38","4","1871.81",3,3,4,10,"Loyal Customer"
"17733","38","2","692.19",3,2,3,8,"New costumer"
"15974","38","7","3442.15",3,4,4,11,"Loyal Customer"
"16969","38","3","650.41",3,3,2,8,"Loyal Customer"
"14345","38","1","108.98",3,2,1,6,"New costumer"
"16825","38","2","775.18",3,2,3,8,"New costumer"
"16127","38","1","656.25",3,1,2,6,"New costumer"
"13697","38","1","151.30",3,1,1,5,"New costumer"
"14485","38","1","165.75",3,1,1,5,"New costumer"
"16747","37","2","836.06",3,2,3,8,"New costumer"
"12594","37","10","3338.22",3,4,4,11,"Loyal Customer"
"18105","37","1","113.48",3,2,1,6,"New costumer"
"16308","37","4","2560.00",3,3,4,10,"Loyal Customer"
"15847","37","2","389.27",3,2,2,7,"New costumer"
"16014","37","3","662.38",3,3,2,8,"Loyal Customer"
"12779","37","8","3981.36",3,4,4,11,"Loyal Customer"
"15576","37","1","940.67",3,2,3,8,"New costumer"
"16043","37","4","773.99",3,3,3,9,"Loyal Customer"
"17966","37","5","1098.43",3,4,3,10,"Loyal Customer"
"16884","37","2","429.84",3,2,2,7,"New costumer"
"13477","37","6","1454.58",3,4,3,10,"Loyal Customer"
"17696","37","8","2285.71",3,4,4,11,"Loyal Customer"
"16729","37","21","7239.92",3,4,4,11,"Loyal Customer"
"17965","37","14","2622.57",3,4,4,11,"Loyal Customer"
"14383","37","3","1247.69",3,3,3,9,"Loyal Customer"
"12830","37","6","6814.64",3,4,4,11,"Loyal Customer"
"16971","37","1","357.21",3,2,2,7,"New costumer"
"17719","37","15","5396.04",3,4,4,11,"Loyal Customer"
"18270","37","2","283.15",3,2,1,6,"New costumer"
"15275","37","1","615.14",3,1,2,6,"New costumer"
"15830","37","1","576.00",3,1,2,6,"New costumer"
"15065","37","4","3158.13",3,3,4,10,"Loyal Customer"
"15423","37","1","43.50",3,1,1,5,"New costumer"
"13728","36","6","1016.14",3,4,3,10,"Loyal Customer"
"16367","36","2","804.49",3,2,3,8,"New costumer"
"18164","36","1","399.65",3,2,2,7,"New costumer"
"13271","36","1","217.38",3,1,1,5,"New costumer"
"17816","36","4","36.56",3,3,1,7,"Loyal Customer"
"15551","36","1","436.06",3,1,2,6,"New costumer"
"12808","36","3","483.65",3,3,2,8,"Loyal Customer"
"14815","36","2","778.50",3,2,3,8,"New costumer"
"16221","36","3","864.86",3,3,3,9,"Loyal Customer"
"17442","36","6","2248.56",3,4,4,11,"Loyal Customer"
"13636","36","5","949.12",3,4,3,10,"Loyal Customer"
"17999","36","2","382.06",3,2,2,7,"New costumer"
"16706","36","3","531.35",3,3,2,8,"Loyal Customer"
"17653","36","4","1207.56",3,3,3,9,"Loyal Customer"
"18104","36","1","754.64",3,1,3,7,"New costumer"
"15651","36","3","646.30",3,3,2,8,"Loyal Customer"
"15998","36","5","3089.97",3,4,4,11,"Loyal Customer"
"15227","36","5","1219.40",3,4,3,10,"Loyal Customer"
"14974","36","1","114.39",3,2,1,6,"New costumer"
"14098","36","1","147.35",3,1,1,5,"New costumer"
"17947","36","1","176.68",3,1,1,5,"New costumer"
"13904","36","2","332.64",3,2,2,7,"New costumer"
"17800","36","9","1199.01",3,4,3,10,"Loyal Customer"
"16337","36","1","151.05",3,1,1,5,"New costumer"
"13316","36","4","5977.73",3,3,4,10,"Loyal Customer"
"16841","36","6","1869.82",3,4,4,11,"Loyal Customer"
"14528","36","1","364.22",3,2,2,7,"New costumer"
"14856","35","3","1311.38",3,3,3,9,"Loyal Customer"
"18081","35","3","343.45",3,3,2,8,"Loyal Customer"
"12431","35","15","6487.45",3,4,4,11,"Loyal Customer"
"14150","35","2","658.64",3,2,2,7,"New costumer"
"14636","35","2","609.85",3,2,2,7,"New costumer"
"12944","35","2","604.51",3,2,2,7,"New costumer"
"13168","35","4","1319.19",3,3,3,9,"Loyal Customer"
"13324","35","10","7121.95",3,4,4,11,"Loyal Customer"
"15010","35","1","308.94",3,2,2,7,"New costumer"
"12397","35","2","2409.90",3,3,4,10,"Loyal Customer"
"14913","35","4","1227.43",3,3,3,9,"Loyal Customer"
"18205","35","2","517.36",3,2,2,7,"New costumer"
"17634","35","9","2361.97",3,4,4,11,"Loyal Customer"
"16914","35","1","208.46",3,1,1,5,"New costumer"
"17403","35","1","281.62",3,1,1,5,"New costumer"
"12352","35","8","2506.04",3,4,4,11,"Loyal Customer"
"13592","35","4","247.96",3,3,1,7,"Loyal Customer"
"15605","35","5","1198.23",3,3,3,9,"Loyal Customer"
"17076","35","3","841.08",3,3,3,9,"Loyal Customer"
"15722","35","5","2222.56",3,4,4,11,"Loyal Customer"
"17078","35","2","378.20",3,2,2,7,"New costumer"
"18035","35","3","730.40",3,3,3,9,"Loyal Customer"
"17193","35","7","1699.30",3,4,4,11,"Loyal Customer"
"17930","35","5","1740.48",3,4,4,11,"Loyal Customer"
"18022","35","1","668.11",3,1,2,6,"New costumer"
"15252","35","2","740.78",3,2,3,8,"New costumer"
"17979","35","4","757.71",3,3,3,9,"Loyal Customer"
"17203","35","6","3563.85",3,4,4,11,"Loyal Customer"
"13721","35","1","524.14",3,1,2,6,"New costumer"
"16602","35","1","528.08",3,1,2,6,"New costumer"
"12576","35","5","1315.83",3,4,3,10,"Loyal Customer"
"17351","35","3","587.15",3,3,2,8,"Loyal Customer"
"15809","35","5","515.77",3,4,2,9,"Loyal Customer"
"15612","35","2","195.15",3,2,1,6,"New costumer"
"12544","35","1","372.70",3,2,2,7,"New costumer"
"16409","35","5","2028.88",3,4,4,11,"Loyal Customer"
"12928","34","5","2062.70",3,3,4,10,"Loyal Customer"
"16555","34","2","285.89",3,2,1,6,"New costumer"
"16012","34","3","1415.29",3,3,3,9,"Loyal Customer"
"14592","34","3","570.46",3,3,2,8,"Loyal Customer"
"16318","34","1","328.15",3,2,2,7,"New costumer"
"13938","34","1","71.66",3,1,1,5,"New costumer"
"17233","34","1","190.88",3,1,1,5,"New costumer"
"12577","34","3","657.80",3,3,2,8,"Loyal Customer"
"16887","34","1","194.88",3,1,1,5,"New costumer"
"14971","34","3","1116.57",3,3,3,9,"Loyal Customer"
"15707","34","4","945.58",3,3,3,9,"Loyal Customer"
"13651","34","2","94.20",3,2,1,6,"New costumer"
"15597","34","1","324.57",3,2,2,7,"New costumer"
"17084","34","2","2949.75",3,3,4,10,"Loyal Customer"
"17703","34","3","798.74",3,3,3,9,"Loyal Customer"
"17274","34","1","111.98",3,2,1,6,"New costumer"
"16676","33","4","1592.12",3,3,3,9,"Loyal Customer"
"16445","33","1","230.51",3,1,1,5,"New costumer"
"13527","33","7","2287.51",3,4,4,11,"Loyal Customer"
"13772","33","3","1132.13",3,3,3,9,"Loyal Customer"
"13365","33","2","2225.37",3,3,4,10,"Loyal Customer"
"15952","33","4","806.57",3,3,3,9,"Loyal Customer"
"14936","33","8","8137.02",3,4,4,11,"Loyal Customer"
"16243","33","2","409.10",3,2,2,7,"New costumer"
"16466","33","7","1603.46",3,4,3,10,"Loyal Customer"
"12645","33","4","1775.18",3,3,4,10,"Loyal Customer"
"13532","33","1","210.31",3,1,1,5,"New costumer"
"15017","33","1","125.58",3,2,1,6,"New costumer"
"12838","33","2","683.13",3,2,3,8,"New costumer"
"15407","33","4","1056.44",3,3,3,9,"Loyal Customer"
"14404","33","6","1474.32",3,4,3,10,"Loyal Customer"
"17831","32","1","35.40",3,2,1,6,"New costumer"
"18170","32","3","980.31",3,3,3,9,"Loyal Customer"
"15870","32","1","354.09",3,2,2,7,"New costumer"
"14080","32","1","45.60",3,1,1,5,"New costumer"
"16372","32","2","367.93",3,2,2,7,"New costumer"
"17107","32","6","10815.43",3,4,4,11,"Loyal Customer"
"17082","32","2","2003.85",3,3,4,10,"Loyal Customer"
"15719","32","13","5045.61",3,4,4,11,"Loyal Customer"
"13759","32","2","659.41",3,2,2,7,"New costumer"
"17608","32","2","193.42",3,2,1,6,"New costumer"
"16053","32","2","1511.95",3,3,3,9,"Loyal Customer"
"16771","32","5","2246.81",3,3,4,10,"Loyal Customer"
"16488","32","3","498.80",3,3,2,8,"Loyal Customer"
"17761","32","1","712.78",3,1,3,7,"New costumer"
"15522","32","2","398.84",3,2,2,7,"New costumer"
"15526","32","2","148.44",3,2,1,6,"New costumer"
"15696","32","8","2736.46",3,4,4,11,"Loyal Customer"
"14517","32","2","330.45",3,2,2,7,"New costumer"
"13155","32","4","971.76",3,3,3,9,"Loyal Customer"
"13634","32","5","1575.16",3,4,3,10,"Loyal Customer"
"17164","32","7","2467.35",3,4,4,11,"Loyal Customer"
"15785","32","5","2328.97",3,3,4,10,"Loyal Customer"
"16357","32","3","658.88",3,3,2,8,"Loyal Customer"
"15618","32","4","776.851",3,3,3,9,"Loyal Customer"
"12357","32","1","6207.67",3,1,4,8,"New costumer"
"15427","32","3","1483.14",3,3,3,9,"Loyal Customer"
"12638","32","1","671.69",3,1,2,6,"New costumer"
"15493","32","5","2001.80",3,4,4,11,"Loyal Customer"
"14387","32","3","1770.56",3,3,4,10,"Loyal Customer"
"15025","32","1","377.01",3,2,2,7,"New costumer"
"17430","32","2","265.76",3,2,1,6,"New costumer"
"16612","32","4","1187.66",3,3,3,9,"Loyal Customer"
"13523","32","5","3964.88",3,4,4,11,"Loyal Customer"
"12408","32","5","2888.55",3,4,4,11,"Loyal Customer"
"15513","32","19","14758.22",3,4,4,11,"Loyal Customer"
"13824","32","5","1698.94",3,4,4,11,"Loyal Customer"
"14174","32","1","134.46",3,1,1,5,"New costumer"
"17623","32","1","527.05",3,1,2,6,"New costumer"
"15839","32","3","1048.49",3,3,3,9,"Loyal Customer"
"12484","32","6","4541.72",3,4,4,11,"Loyal Customer"
"14039","32","1","152.20",3,1,1,5,"New costumer"
"13097","32","10","6010.42",3,4,4,11,"Loyal Customer"
"15763","31","2","1086.92",3,3,3,9,"Loyal Customer"
"18150","31","3","566.58",3,3,2,8,"Loyal Customer"
"17964","31","2","471.70",3,2,2,7,"New costumer"
"15249","31","13","6688.46",3,4,4,11,"Loyal Customer"
"16187","31","15","6911.44",3,4,4,11,"Loyal Customer"
"12721","31","6","2656.13",3,4,4,11,"Loyal Customer"
"16732","31","1","603.75",3,1,2,6,"New costumer"
"12832","31","2","383.03",3,2,2,7,"New costumer"
"13710","31","1","180.48",3,1,1,5,"New costumer"
"17219","31","1","114.23",3,2,1,6,"New costumer"
"16637","31","4","1154.47",3,3,3,9,"Loyal Customer"
"14524","31","9","1867.68",3,4,4,11,"Loyal Customer"
"13717","31","6","1445.01",3,4,3,10,"Loyal Customer"
"14360","31","4","2128.23",3,3,4,10,"Loyal Customer"
"15950","31","4","1765.51",3,3,4,10,"Loyal Customer"
"17886","31","3","899.61",3,3,3,9,"Loyal Customer"
"12472","31","7","6572.11",3,4,4,11,"Loyal Customer"
"14050","31","2","746.36",3,2,3,8,"New costumer"
"16362","31","5","734.77",3,4,3,10,"Loyal Customer"
"13381","31","6","3639.31",3,4,4,11,"Loyal Customer"
"13329","31","2","789.00",3,2,3,8,"New costumer"
"15330","31","2","714.96",3,2,3,8,"New costumer"
"14700","31","3","2235.30",3,3,4,10,"Loyal Customer"
"14623","31","5","889.25",3,4,3,10,"Loyal Customer"
"14073","31","1","151.04",3,1,1,5,"New costumer"
"15573","31","2","607.45",3,2,2,7,"New costumer"
"13047","31","10","3237.54",3,4,4,11,"Loyal Customer"
"16348","31","7","1469.45",3,4,3,10,"Loyal Customer"
"17158","31","3","1266.97",3,3,3,9,"Loyal Customer"
"17043","31","4","1735.18",3,3,4,10,"Loyal Customer"
"18016","31","5","1483.56",3,4,3,10,"Loyal Customer"
"15957","31","1","428.89",3,1,2,6,"New costumer"
"14929","31","1","223.88",3,1,1,5,"New costumer"
"17289","31","3","944.41",3,3,3,9,"Loyal Customer"
"18036","31","3","405.62",3,3,2,8,"Loyal Customer"
"16505","31","1","777.60",3,1,3,7,"New costumer"
"13804","30","7","2635.79",3,4,4,11,"Loyal Customer"
"12990","30","3","409.50",3,3,2,8,"Loyal Customer"
"14691","30","5","2114.33",3,4,4,11,"Loyal Customer"
"16880","30","7","1519.08",3,4,3,10,"Loyal Customer"
"13384","30","7","4151.93",3,4,4,11,"Loyal Customer"
"15153","30","1","329.25",3,2,2,7,"New costumer"
"18216","30","1","481.75",3,1,2,6,"New costumer"
"13110","30","7","1488.67",3,4,3,10,"Loyal Customer"
"12949","30","8","4167.22",3,4,4,11,"Loyal Customer"
"12893","30","1","188.14",3,1,1,5,"New costumer"
"16639","30","3","1257.51",3,3,3,9,"Loyal Customer"
"13029","30","3","1247.50",3,3,3,9,"Loyal Customer"
"17313","30","1","2328.84",3,1,4,8,"New costumer"
"17022","30","1","71.00",3,1,1,5,"New costumer"
"13272","30","2","276.56",3,2,1,6,"New costumer"
"16284","30","2","823.97",3,2,3,8,"New costumer"
"18177","30","6","1341.42",3,4,3,10,"Loyal Customer"
"15027","30","4","1066.15",3,3,3,9,"Loyal Customer"
"16205","30","4","761.38",3,3,3,9,"Loyal Customer"
"13695","30","15","2504.13",3,4,4,11,"Loyal Customer"
"13623","30","5","747.78",3,4,3,10,"Loyal Customer"
"17160","30","6","3518.03",3,4,4,11,"Loyal Customer"
"16863","30","2","502.80",3,2,2,7,"New costumer"
"15406","30","2","510.71",3,2,2,7,"New costumer"
"17637","30","2","547.06",3,2,2,7,"New costumer"
"16618","30","5","2647.59",3,4,4,11,"Loyal Customer"
"15356","30","10","2766.50",3,4,4,11,"Loyal Customer"
"14676","30","6","2548.24",3,4,4,11,"Loyal Customer"
"13975","30","6","2526.28",3,4,4,11,"Loyal Customer"
"17515","30","4","639.02",3,3,2,8,"Loyal Customer"
"15043","30","1","537.00",3,1,2,6,"New costumer"
"17633","30","4","1324.84",3,3,3,9,"Loyal Customer"
"14284","30","2","595.25",3,2,2,7,"New costumer"
"14188","30","6","2054.36",3,4,4,11,"Loyal Customer"
"14108","30","2","597.91",3,2,2,7,"New costumer"
"16767","30","11","5580.60",3,4,4,11,"Loyal Customer"
"16837","30","11","3170.98",3,4,4,11,"Loyal Customer"
"13046","30","2","629.31",3,2,2,7,"New costumer"
"16041","30","3","3166.40",3,3,4,10,"Loyal Customer"
"17865","30","20","10526.32",3,4,4,11,"Loyal Customer"
"13867","30","3","1015.29",3,3,3,9,"Loyal Customer"
"12849","30","2","1050.89",3,3,3,9,"Loyal Customer"
"16751","30","1","1764.72",3,1,4,8,"New costumer"
"15103","30","2","703.36",3,2,3,8,"New costumer"
"14214","30","5","1004.38",3,4,3,10,"Loyal Customer"
"13643","30","3","519.44",3,3,2,8,"Loyal Customer"
"17416","29","7","6893.42",3,4,4,11,"Loyal Customer"
"16953","29","1","20.80",3,1,1,5,"New costumer"
"17791","29","1","106.10",3,1,1,5,"New costumer"
"16003","29","5","2735.37",3,4,4,11,"Loyal Customer"
"16986","29","2","1873.20",3,3,4,10,"Loyal Customer"
"17011","29","1","270.90",3,1,1,5,"New costumer"
"17690","29","15","4757.95",3,4,4,11,"Loyal Customer"
"18274","29","1","175.92",3,1,1,5,"New costumer"
"15114","29","10","2760.56",3,4,4,11,"Loyal Customer"
"16516","29","1","101.70",3,1,1,5,"New costumer"
"17038","29","1","112.40",3,2,1,6,"New costumer"
"12541","29","3","981.18",3,3,3,9,"Loyal Customer"
"17521","29","3","723.21",3,3,3,9,"Loyal Customer"
"12708","29","10","2712.91",3,4,4,11,"Loyal Customer"
"12532","29","1","349.83",3,2,2,7,"New costumer"
"15450","29","1","429.84",3,1,2,6,"New costumer"
"15986","29","1","168.12",3,1,1,5,"New costumer"
"16628","29","5","2188.05",3,4,4,11,"Loyal Customer"
"17537","29","2","897.62",3,2,3,8,"New costumer"
"18125","29","4","1142.99",3,3,3,9,"Loyal Customer"
"15485","29","3","2575.00",3,3,4,10,"Loyal Customer"
"12981","29","2","372.22",3,2,2,7,"New costumer"
"17197","29","1","1013.01",3,2,3,8,"New costumer"
"13522","29","1","125.80",3,2,1,6,"New costumer"
"16025","29","1","439.66",3,1,2,6,"New costumer"
"17059","29","5","3095.04",3,4,4,11,"Loyal Customer"
"15452","29","3","538.73",3,3,2,8,"Loyal Customer"
"16996","29","6","1456.96",3,4,3,10,"Loyal Customer"
"17867","29","6","1197.10",3,4,3,10,"Loyal Customer"
"14968","29","1","147.59",3,1,1,5,"New costumer"
"13209","29","8","5891.61",3,4,4,11,"Loyal Customer"
"18236","29","6","882.24",3,4,3,10,"Loyal Customer"
"14240","29","2","890.34",3,2,3,8,"New costumer"
"17340","29","11","12353.29",3,4,4,11,"Loyal Customer"
"17702","29","4","1824.37",3,3,4,10,"Loyal Customer"
"12659","29","1","91.68",3,1,1,5,"New costumer"
"14921","29","2","1316.07",3,3,3,9,"Loyal Customer"
"13992","29","1","76.80",3,1,1,5,"New costumer"
"13983","29","12","2603.43",3,4,4,11,"Loyal Customer"
"14944","29","12","5900.25",3,4,4,11,"Loyal Customer"
"16218","29","7","3084.68",3,4,4,11,"Loyal Customer"
"17901","28","1","110.38",3,2,1,6,"New costumer"
"14863","28","1","266.76",3,1,1,5,"New costumer"
"14543","28","16","3630.33",3,4,4,11,"Loyal Customer"
"12712","28","13","4396.13",3,4,4,11,"Loyal Customer"
"12589","28","2","646.68",3,2,2,7,"New costumer"
"13148","28","12","3707.12",3,4,4,11,"Loyal Customer"
"18217","28","2","621.75",3,2,2,7,"New costumer"
"13396","28","2","1360.99",3,3,3,9,"Loyal Customer"
"16912","28","11","2575.38",3,4,4,11,"Loyal Customer"
"12384","28","2","585.27",3,2,2,7,"New costumer"
"17162","28","10","1715.46",3,4,4,11,"Loyal Customer"
"17512","28","10","2924.99",3,4,4,11,"Loyal Customer"
"12600","28","10","2599.04",3,4,4,11,"Loyal Customer"
"15111","28","3","1567.48",3,3,3,9,"Loyal Customer"
"13810","28","3","1499.01",3,3,3,9,"Loyal Customer"
"13606","28","3","280.54",3,3,1,7,"Loyal Customer"
"18209","28","1","139.10",3,1,1,5,"New costumer"
"17932","28","3","1331.57",3,3,3,9,"Loyal Customer"
"15184","28","2","406.76",3,2,2,7,"New costumer"
"15557","28","1","473.65",3,1,2,6,"New costumer"
"16434","28","7","1522.25",3,4,3,10,"Loyal Customer"
"12599","28","7","1032.58",3,4,3,10,"Loyal Customer"
"13817","28","2","382.98",3,2,2,7,"New costumer"
"16791","28","7","1721.78",3,4,4,11,"Loyal Customer"
"13727","28","2","333.48",3,2,2,7,"New costumer"
"16743","28","7","2238.09",3,4,4,11,"Loyal Customer"
"12844","28","2","325.96",3,2,2,7,"New costumer"
"14466","28","7","2272.40",3,4,4,11,"Loyal Customer"
"16386","28","2","317.20",3,2,2,7,"New costumer"
"17109","28","6","885.04",3,4,3,10,"Loyal Customer"
"14712","28","3","917.07",3,3,3,9,"Loyal Customer"
"15355","28","2","277.05",3,2,1,6,"New costumer"
"15289","28","3","939.78",3,3,3,9,"Loyal Customer"
"17295","28","3","556.95",3,3,2,8,"Loyal Customer"
"12697","28","3","957.59",3,3,3,9,"Loyal Customer"
"17573","28","3","380.60",3,3,2,8,"Loyal Customer"
"13460","28","2","183.44",3,2,1,6,"New costumer"
"15463","28","1","126.14",3,2,1,6,"New costumer"
"16907","28","5","981.65",3,4,3,10,"Loyal Customer"
"15238","28","3","1071.99",3,3,3,9,"Loyal Customer"
"12473","28","5","3938.55",3,4,4,11,"Loyal Customer"
"17015","28","3","1842.56",3,3,4,10,"Loyal Customer"
"16903","28","1","373.24",3,2,2,7,"New costumer"
"12538","28","1","363.95",3,2,2,7,"New costumer"
"14765","28","3","254.11",3,3,1,7,"Loyal Customer"
"12617","28","1","355.53",3,2,2,7,"New costumer"
"14662","28","4","771.17",3,3,3,9,"Loyal Customer"
"14064","28","5","1353.74",3,4,3,10,"Loyal Customer"
"16126","28","4","6287.77",3,3,4,10,"Loyal Customer"
"14748","28","5","1415.75",3,4,3,10,"Loyal Customer"
"14035","28","5","1428.02",3,4,3,10,"Loyal Customer"
"14226","28","5","2232.19",3,4,4,11,"Loyal Customer"
"18135","28","5","681.91",3,4,3,10,"Loyal Customer"
"14789","28","1","197.64",3,1,1,5,"New costumer"
"14829","28","4","697.55",3,3,3,9,"Loyal Customer"
"17977","28","1","288.14",3,1,1,5,"New costumer"
"13310","27","3","1132.03",3,3,3,9,"Loyal Customer"
"16671","27","3","1692.27",3,3,4,10,"Loyal Customer"
"12685","27","6","2863.08",3,4,4,11,"Loyal Customer"
"12691","27","6","1035.80",3,4,3,10,"Loyal Customer"
"17069","27","9","2709.70",3,4,4,11,"Loyal Customer"
"13732","27","1","491.86",3,1,2,6,"New costumer"
"18014","27","1","166.42",3,1,1,5,"New costumer"
"13557","27","2","584.06",3,2,2,7,"New costumer"
"16332","27","7","1593.20",3,4,3,10,"Loyal Customer"
"12726","27","7","2609.10",3,4,4,11,"Loyal Customer"
"15692","27","1","191.04",3,1,1,5,"New costumer"
"15492","27","2","659.46",3,2,2,7,"New costumer"
"12480","27","4","3281.63",3,3,4,10,"Loyal Customer"
"15608","27","4","1093.68",3,3,3,9,"Loyal Customer"
"17191","27","7","2095.13",3,4,4,11,"Loyal Customer"
"13091","27","1","345.82",3,2,2,7,"New costumer"
"17054","27","5","1356.33",3,4,3,10,"Loyal Customer"
"17071","27","9","2429.03",3,4,4,11,"Loyal Customer"
"17088","27","4","1991.01",3,3,4,10,"Loyal Customer"
"12517","27","5","2502.84",3,4,4,11,"Loyal Customer"
"16433","27","1","184.26",3,1,1,5,"New costumer"
"16460","27","3","814.72",3,3,3,9,"Loyal Customer"
"17052","27","1","413.75",3,1,2,6,"New costumer"
"13895","27","4","2593.07",3,3,4,10,"Loyal Customer"
"13892","26","4","632.97",3,3,2,8,"Loyal Customer"
"16571","26","3","1421.69",3,3,3,9,"Loyal Customer"
"14044","26","4","652.82",3,3,2,8,"Loyal Customer"
"13450","26","6","2043.72",3,4,4,11,"Loyal Customer"
"14661","26","1","107.95",3,2,1,6,"New costumer"
"16416","26","3","1051.40",3,3,3,9,"Loyal Customer"
"17790","26","14","1965.55",3,4,4,11,"Loyal Customer"
"13984","26","5","920.51",3,4,3,10,"Loyal Customer"
"16560","26","2","841.41",3,2,3,8,"New costumer"
"14487","26","6","1196.33",3,4,3,10,"Loyal Customer"
"17838","26","5","2779.30",3,4,4,11,"Loyal Customer"
"15599","26","2","761.74",3,2,3,8,"New costumer"
"17041","26","3","1081.57",3,3,3,9,"Loyal Customer"
"13170","26","1","116.01",3,2,1,6,"New costumer"
"15429","26","2","397.35",3,2,2,7,"New costumer"
"17211","26","8","2317.22",3,4,4,11,"Loyal Customer"
"14882","26","2","589.70",3,2,2,7,"New costumer"
"17538","25","1","98.42",3,1,1,5,"New costumer"
"15291","25","15","4668.30",3,4,4,11,"Loyal Customer"
"15449","25","3","974.52",3,3,3,9,"Loyal Customer"
"15203","25","6","1827.80",3,4,4,11,"Loyal Customer"
"12865","25","2","1568.23",3,3,3,9,"Loyal Customer"
"14494","25","1","139.56",3,1,1,5,"New costumer"
"14862","25","2","841.20",3,2,3,8,"New costumer"
"15787","25","3","948.05",3,3,3,9,"Loyal Customer"
"18211","25","5","600.07",3,4,2,9,"Loyal Customer"
"16936","25","1","262.68",3,1,1,5,"New costumer"
"13451","25","5","2976.15",3,4,4,11,"Loyal Customer"
"18069","25","5","2036.67",3,4,4,11,"Loyal Customer"
"14784","25","2","289.99",3,2,1,6,"New costumer"
"16726","25","5","1382.02",3,4,3,10,"Loyal Customer"
"13549","25","7","918.20",3,4,3,10,"Loyal Customer"
"14684","25","5","1236.28",3,4,3,10,"Loyal Customer"
"18082","25","1","703.37",3,1,3,7,"New costumer"
"13700","25","10","2265.12",3,4,4,11,"Loyal Customer"
"12867","25","7","4036.82",3,4,4,11,"Loyal Customer"
"12689","25","2","1247.61",3,3,3,9,"Loyal Customer"
"17287","25","7","1064.11",3,4,3,10,"Loyal Customer"
"14227","25","10","3350.96",3,4,4,11,"Loyal Customer"
"14902","25","1","332.66",3,2,2,7,"New costumer"
"13603","25","1","164.34",3,1,1,5,"New costumer"
"16303","25","3","5360.63",3,3,4,10,"Loyal Customer"
"18263","25","3","1213.16",3,3,3,9,"Loyal Customer"
"16720","25","1","155.24",3,1,1,5,"New costumer"
"16898","25","3","508.81",3,3,2,8,"Loyal Customer"
"15411","25","4","1358.88",3,3,3,9,"Loyal Customer"
"14499","25","3","815.32",3,3,3,9,"Loyal Customer"
"13178","25","11","5725.47",3,4,4,11,"Loyal Customer"
"17663","25","7","1802.91",3,4,4,11,"Loyal Customer"
"15365","25","7","2314.32",3,4,4,11,"Loyal Customer"
"13146","25","1","228.91",3,1,1,5,"New costumer"
"18117","25","1","320.72",3,2,2,7,"New costumer"
"12508","25","2","398.27",3,2,2,7,"New costumer"
"17658","25","2","595.42",3,2,2,7,"New costumer"
"15168","25","1","106.56",3,1,1,5,"New costumer"
"16930","25","3","380.55",3,3,2,8,"Loyal Customer"
"15863","25","2","68.84",3,2,1,6,"New costumer"
"14382","25","1","626.07",3,1,2,6,"New costumer"
"13379","25","3","572.56",3,3,2,8,"Loyal Customer"
"17720","25","4","1195.94",3,3,3,9,"Loyal Customer"
"12938","25","1","114.14",3,2,1,6,"New costumer"
"14530","25","6","2925.91",3,4,4,11,"Loyal Customer"
"12428","25","9","7956.46",3,4,4,11,"Loyal Customer"
"12374","24","1","742.93",3,1,3,7,"New costumer"
"15781","24","3","345.46",3,3,2,8,"Loyal Customer"
"15058","24","11","2124.99",3,4,4,11,"Loyal Customer"
"17314","24","8","2527.92",3,4,4,11,"Loyal Customer"
"13846","24","3","865.06",3,3,3,9,"Loyal Customer"
"15681","24","5","1426.16",3,4,3,10,"Loyal Customer"
"14725","24","1","718.08",3,1,3,7,"New costumer"
"15125","24","15","11528.48",3,4,4,11,"Loyal Customer"
"14680","24","16","28754.11",3,4,4,11,"Loyal Customer"
"18259","24","3","2338.60",3,3,4,10,"Loyal Customer"
"15419","24","1","135.86",3,1,1,5,"New costumer"
"17793","24","1","323.04",3,2,2,7,"New costumer"
"13577","24","4","1687.60",3,3,4,10,"Loyal Customer"
"18043","24","3","559.51",3,3,2,8,"Loyal Customer"
"17974","24","3","740.79",3,3,3,9,"Loyal Customer"
"14715","24","4","867.38",3,3,3,9,"Loyal Customer"
"14953","24","1","289.82",3,1,1,5,"New costumer"
"16519","24","2","215.08",3,2,1,6,"New costumer"
"15660","24","9","1600.86",3,4,3,10,"Loyal Customer"
"15050","24","3","1782.09",3,3,4,10,"Loyal Customer"
"15758","24","1","205.25",3,1,1,5,"New costumer"
"12676","24","6","1331.39",3,4,3,10,"Loyal Customer"
"15458","24","1","161.64",3,1,1,5,"New costumer"
"13455","24","2","1058.34",3,3,3,9,"Loyal Customer"
"13236","24","2","744.85",3,2,3,8,"New costumer"
"13735","24","4","2885.24",3,3,4,10,"Loyal Customer"
"16341","24","4","1971.87",3,3,4,10,"Loyal Customer"
"16207","24","1","394.38",3,2,2,7,"New costumer"
"16423","24","1","346.12",3,2,2,7,"New costumer"
"17777","24","3","665.86",3,3,2,8,"Loyal Customer"
"12883","24","4","703.47",3,3,3,9,"Loyal Customer"
"16478","24","3","331.00",3,3,2,8,"Loyal Customer"
"17510","24","1","308.48",3,2,2,7,"New costumer"
"17081","24","2","290.16",3,2,1,6,"New costumer"
"15981","24","8","3408.48",3,4,4,11,"Loyal Customer"
"15524","24","1","440",3,1,2,6,"New costumer"
"12642","24","3","1013.26",3,3,3,9,"Loyal Customer"
"17540","24","2","578.90",3,2,2,7,"New costumer"
"14533","24","7","1949.72",3,4,4,11,"Loyal Customer"
"17235","24","2","550.06",3,2,2,7,"New costumer"
"16504","24","1","484.38",3,1,2,6,"New costumer"
"13632","24","5","2121.27",3,4,4,11,"Loyal Customer"
"15582","24","3","682.91",3,3,3,9,"Loyal Customer"
"17044","24","1","948.48",3,2,3,8,"New costumer"
"15532","24","4","1580.93",3,3,3,9,"Loyal Customer"
"13692","24","3","1488.32",3,3,3,9,"Loyal Customer"
"13058","24","3","271.40",3,3,1,7,"Loyal Customer"
"17652","24","12","4867.72",3,4,4,11,"Loyal Customer"
"13835","24","4","834.57",3,3,3,9,"Loyal Customer"
"12640","23","3","1174.58",3,3,3,9,"Loyal Customer"
"14714","23","1","160.19",3,1,1,5,"New costumer"
"17549","23","2","148.86",3,2,1,6,"New costumer"
"15720","23","1","598.73",3,1,2,6,"New costumer"
"14640","23","6","2125.08",3,4,4,11,"Loyal Customer"
"15900","23","1","351.11",3,2,2,7,"New costumer"
"13894","23","3","564.62",3,3,2,8,"Loyal Customer"
"16717","23","6","3858.38",3,4,4,11,"Loyal Customer"
"12933","23","3","607.53",3,3,2,8,"Loyal Customer"
"12415","23","21","124914.53",3,4,4,11,"Loyal Customer"
"17680","23","1","184.40",3,1,1,5,"New costumer"
"15679","23","4","781.28",3,3,3,9,"Loyal Customer"
"14507","23","6","1383.18",3,4,3,10,"Loyal Customer"
"16557","23","2","281.85",3,2,1,6,"New costumer"
"16855","23","2","328.40",3,2,2,7,"New costumer"
"14286","23","3","4628.75",3,3,4,10,"Loyal Customer"
"16008","23","3","478.78",3,3,2,8,"Loyal Customer"
"14666","23","1","195.25",3,1,1,5,"New costumer"
"15556","23","1","279.77",3,1,1,5,"New costumer"
"17357","23","2","388.14",3,2,2,7,"New costumer"
"17198","23","3","692.22",3,3,3,9,"Loyal Customer"
"14522","23","4","974.54",3,3,3,9,"Loyal Customer"
"16669","23","3","1374.87",3,3,3,9,"Loyal Customer"
"15110","23","4","996.10",3,3,3,9,"Loyal Customer"
"13614","23","4","1610.46",3,3,3,9,"Loyal Customer"
"16245","23","3","1413.66",3,3,3,9,"Loyal Customer"
"15584","23","4","725.11",3,3,3,9,"Loyal Customer"
"13066","23","2","470.80",3,2,2,7,"New costumer"
"14853","23","2","475.80",3,2,2,7,"New costumer"
"17153","23","1","213.78",3,1,1,5,"New costumer"
"17377","23","20","4100.92",3,4,4,11,"Loyal Customer"
"16240","23","2","3718.80",3,3,4,10,"Loyal Customer"
"16469","23","4","650.43",3,3,2,8,"Loyal Customer"
"14426","23","10","4481.67",3,4,4,11,"Loyal Customer"
"14544","23","2","2024.45",3,3,4,10,"Loyal Customer"
"13816","23","2","571.67",3,2,2,7,"New costumer"
"16916","23","2","576.26",3,2,2,7,"New costumer"
"18123","23","2","589.44",3,2,2,7,"New costumer"
"18246","23","2","596.10",3,2,2,7,"New costumer"
"12731","23","12","18895.91",3,4,4,11,"Loyal Customer"
"13449","23","1","291.88",3,1,1,5,"New costumer"
"15955","23","14","4416.26",3,4,4,11,"Loyal Customer"
"17220","23","14","3198.25",3,4,4,11,"Loyal Customer"
"14057","23","17","6217.96",3,4,4,11,"Loyal Customer"
"14626","23","4","2791.27",3,3,4,10,"Loyal Customer"
"18181","23","1","382.80",3,2,2,7,"New costumer"
"17564","23","3","454.01",3,3,2,8,"Loyal Customer"
"13410","23","5","1003.06",3,4,3,10,"Loyal Customer"
"12890","23","1","380.47",3,2,2,7,"New costumer"
"15269","23","1","408.80",3,1,2,6,"New costumer"
"15967","22","2","418.83",3,2,2,7,"New costumer"
"16638","22","10","1680.72",3,4,4,11,"Loyal Customer"
"13131","22","3","1073.30",3,3,3,9,"Loyal Customer"
"15432","22","1","171.19",3,1,1,5,"New costumer"
"13926","22","1","223.85",3,1,1,5,"New costumer"
"13308","22","3","1385.51",3,3,3,9,"Loyal Customer"
"12610","22","5","2099.54",3,3,4,10,"Loyal Customer"
"13285","22","4","2709.12",3,3,4,10,"Loyal Customer"
"18167","22","3","1384.86",3,3,3,9,"Loyal Customer"
"18059","22","3","306.46",3,3,1,7,"Loyal Customer"
"17095","22","3","1324.16",3,3,3,9,"Loyal Customer"
"16809","22","5","914.69",3,4,3,10,"Loyal Customer"
"14112","22","7","2915.15",3,4,4,11,"Loyal Customer"
"17596","22","7","2827.93",3,4,4,11,"Loyal Customer"
"17716","22","11","5655.99",3,4,4,11,"Loyal Customer"
"12993","22","4","414.76",3,3,2,8,"Loyal Customer"
"13629","22","11","7792.36",3,4,4,11,"Loyal Customer"
"15529","22","11","3995.23",3,4,4,11,"Loyal Customer"
"12500","22","11","4257.82",3,4,4,11,"Loyal Customer"
"14332","22","3","866.31",3,3,3,9,"Loyal Customer"
"17147","22","4","1714.59",3,3,4,10,"Loyal Customer"
"17330","22","2","363.90",3,2,2,7,"New costumer"
"17828","22","4","1820.09",3,3,4,10,"Loyal Customer"
"15124","22","2","184.19",3,2,1,6,"New costumer"
"16186","22","12","4006.94",3,4,4,11,"Loyal Customer"
"16869","22","4","825.42",3,3,3,9,"Loyal Customer"
"13028","22","2","661.32",3,2,2,7,"New costumer"
"16804","22","3","536.99",3,3,2,8,"Loyal Customer"
"13871","22","13","6403.25",3,4,4,11,"Loyal Customer"
"13575","22","5","732.07",3,4,3,10,"Loyal Customer"
"12477","22","6","13219.74",3,4,4,11,"Loyal Customer"
"14898","22","6","1303.52",3,4,3,10,"Loyal Customer"
"17613","22","14","4559.15",3,4,4,11,"Loyal Customer"
"14948","22","6","1101.97",3,4,3,10,"Loyal Customer"
"16298","22","3","598.20",3,3,2,8,"Loyal Customer"
"12753","22","6","21429.39",3,4,4,11,"Loyal Customer"
"13447","22","3","1129.14",3,3,3,9,"Loyal Customer"
"17896","22","1","256.32",3,1,1,5,"New costumer"
"12626","22","9","6620.48",3,4,4,11,"Loyal Customer"
"16999","22","2","484.82",3,2,2,7,"New costumer"
"13939","22","3","568.55",3,3,2,8,"Loyal Customer"
"15489","22","3","1134.28",3,3,3,9,"Loyal Customer"
"12991","22","2","503.76",3,2,2,7,"New costumer"
"14851","22","2","511.35",3,2,2,7,"New costumer"
"15506","22","3","979.26",3,3,3,9,"Loyal Customer"
"16204","22","1","405.71",3,1,2,6,"New costumer"
"13500","22","3","1166.77",3,3,3,9,"Loyal Customer"
"18006","22","1","444.68",3,1,2,6,"New costumer"
"17461","22","3","757.46",3,3,3,9,"Loyal Customer"
"12481","22","10","5596.32",3,4,4,11,"Loyal Customer"
"12567","22","10","9401.28",3,4,4,11,"Loyal Customer"
"15657","22","1","30.00",3,2,1,6,"New costumer"
"12356","22","3","2811.43",3,3,4,10,"Loyal Customer"
"17368","22","8","1912.67",3,4,4,11,"Loyal Customer"
"15805","22","17","5528.48",3,4,4,11,"Loyal Customer"
"16085","22","5","981.51",3,4,3,10,"Loyal Customer"
"18075","22","10","2611.75",3,4,4,11,"Loyal Customer"
"15051","22","3","1391.61",3,3,3,9,"Loyal Customer"
"12910","22","8","3075.04",3,4,4,11,"Loyal Customer"
"15811","21","6","2218.62",3,4,4,11,"Loyal Customer"
"17397","21","2","696.41",3,2,3,8,"New costumer"
"16134","21","2","618.09",3,2,2,7,"New costumer"
"12406","21","2","3415.30",3,3,4,10,"Loyal Customer"
"14416","21","2","490.22",3,2,2,7,"New costumer"
"15287","21","2","486.69",3,2,2,7,"New costumer"
"17159","21","3","1538.88",3,3,3,9,"Loyal Customer"
"12427","21","3","825.80",3,3,3,9,"Loyal Customer"
"18034","21","2","422.88",3,2,2,7,"New costumer"
"13171","21","3","468.41",3,3,2,8,"Loyal Customer"
"17797","21","3","780.43",3,3,3,9,"Loyal Customer"
"14034","21","3","651.82",3,3,2,8,"Loyal Customer"
"17163","21","2","293.10",3,2,1,6,"New costumer"
"17080","21","2","287.62",3,2,1,6,"New costumer"
"17760","21","2","287.59",3,2,1,6,"New costumer"
"14508","21","2","276.42",3,2,1,6,"New costumer"
"14593","21","3","617.99",3,3,2,8,"Loyal Customer"
"16511","21","3","950.26",3,3,3,9,"Loyal Customer"
"13962","21","2","169.55",3,2,1,6,"New costumer"
"16414","21","2","126.25",3,2,1,6,"New costumer"
"12539","21","4","5568.35",3,3,4,10,"Loyal Customer"
"14234","21","4","775.46",3,3,3,9,"Loyal Customer"
"14641","21","1","110.46",3,2,1,6,"New costumer"
"16009","21","4","992.71",3,3,3,9,"Loyal Customer"
"12997","21","4","1226.89",3,3,3,9,"Loyal Customer"
"15563","21","4","1400.44",3,3,3,9,"Loyal Customer"
"15983","21","4","1475.02",3,3,3,9,"Loyal Customer"
"15530","21","4","1502.35",3,3,3,9,"Loyal Customer"
"13160","21","1","91.80",3,1,1,5,"New costumer"
"12380","21","4","2724.81",3,3,4,10,"Loyal Customer"
"13815","21","4","4027.36",3,3,4,10,"Loyal Customer"
"12449","21","4","4067.29",3,3,4,10,"Loyal Customer"
"13828","21","1","209.49",3,1,1,5,"New costumer"
"16042","21","5","1197.27",3,3,3,9,"Loyal Customer"
"18221","21","5","1041.61",3,3,3,9,"Loyal Customer"
"15267","21","5","1717.36",3,4,4,11,"Loyal Customer"
"12618","21","1","177.31",3,1,1,5,"New costumer"
"13313","21","5","1555.32",3,4,3,10,"Loyal Customer"
"13941","21","5","5112.96",3,4,4,11,"Loyal Customer"
"15081","21","5","504.80",3,4,2,9,"Loyal Customer"
"14362","21","1","161.20",3,1,1,5,"New costumer"
"15864","21","6","1936.32",3,4,4,11,"Loyal Customer"
"17286","21","1","153.92",3,1,1,5,"New costumer"
"17985","21","1","634.95",3,1,2,6,"New costumer"
"16871","21","6","2812.34",3,4,4,11,"Loyal Customer"
"13138","21","6","962.39",3,4,3,10,"Loyal Customer"
"14434","21","6","1372.80",3,4,3,10,"Loyal Customer"
"15435","21","1","149.29",3,1,1,5,"New costumer"
"16531","21","7","1244.59",3,4,3,10,"Loyal Customer"
"12603","21","1","739.20",3,1,3,7,"New costumer"
"13117","21","8","984.91",3,4,3,10,"Loyal Customer"
"12391","21","1","460.89",3,1,2,6,"New costumer"
"16293","21","10","2248.99",3,4,4,11,"Loyal Customer"
"18061","21","10","2119.41",3,4,4,11,"Loyal Customer"
"17799","21","10","3055.93",3,4,4,11,"Loyal Customer"
"12445","21","1","133.40",3,1,1,5,"New costumer"
"12847","21","1","871.54",3,1,3,7,"New costumer"
"12647","21","12","3722.82",3,4,4,11,"Loyal Customer"
"16656","21","15","8625.80",3,4,4,11,"Loyal Customer"
"12931","21","15","42055.96",3,4,4,11,"Loyal Customer"
"16945","21","19","4345.50",3,4,4,11,"Loyal Customer"
"14849","21","25","7930.54",3,4,4,11,"Loyal Customer"
"16070","21","2","852.15",3,2,3,8,"New costumer"
"16463","20","4","1422.40",3,3,3,9,"Loyal Customer"
"12444","20","5","5005.46",3,4,4,11,"Loyal Customer"
"14903","20","5","2810.63",3,4,4,11,"Loyal Customer"
"17779","20","3","658.57",3,3,2,8,"Loyal Customer"
"17621","20","3","1379.90",3,3,3,9,"Loyal Customer"
"16279","20","3","1509.58",3,3,3,9,"Loyal Customer"
"14285","20","4","1910.01",3,3,4,10,"Loyal Customer"
"17650","20","1","166.08",3,1,1,5,"New costumer"
"13516","20","3","1389.41",3,3,3,9,"Loyal Customer"
"17063","20","7","1461.14",3,4,3,10,"Loyal Customer"
"17888","20","8","726.05",3,4,3,10,"Loyal Customer"
"15494","20","2","1299.23",3,3,3,9,"Loyal Customer"
"17961","20","39","1296.44",3,4,3,10,"Loyal Customer"
"12498","20","3","403.70",3,3,2,8,"Loyal Customer"
"13960","20","2","230.22",3,2,1,6,"New costumer"
"14342","20","4","668.56",3,3,2,8,"Loyal Customer"
"14793","20","1","228.99",3,1,1,5,"New costumer"
"15933","20","3","1107.46",3,3,3,9,"Loyal Customer"
"13094","20","12","1927.32",3,4,4,11,"Loyal Customer"
"14820","20","4","507.29",3,3,2,8,"Loyal Customer"
"16924","20","3","846.75",3,3,3,9,"Loyal Customer"
"15088","20","2","1160.07",3,3,3,9,"Loyal Customer"
"12578","20","2","2794.51",3,3,4,10,"Loyal Customer"
"15368","20","1","446.94",3,1,2,6,"New costumer"
"16350","20","4","1116.47",3,3,3,9,"Loyal Customer"
"17904","20","1","191.67",3,1,1,5,"New costumer"
"13880","20","13","3219.77",3,4,4,11,"Loyal Customer"
"17301","20","1","197.63",3,1,1,5,"New costumer"
"16762","19","3","1501.38",3,3,3,9,"Loyal Customer"
"16506","19","2","90.30",3,2,1,6,"New costumer"
"12540","19","17","13400.24",3,4,4,11,"Loyal Customer"
"14477","19","4","1309.60",3,3,3,9,"Loyal Customer"
"15465","19","18","7354.62",3,4,4,11,"Loyal Customer"
"13118","19","5","1197.81",3,3,3,9,"Loyal Customer"
"17555","19","2","483.26",3,2,2,7,"New costumer"
"14664","19","2","637.89",3,2,2,7,"New costumer"
"16464","19","3","1314.68",3,3,3,9,"Loyal Customer"
"18110","19","1","236.30",3,1,1,5,"New costumer"
"12702","19","1","219.00",3,1,1,5,"New costumer"
"14116","19","5","1382.74",3,4,3,10,"Loyal Customer"
"15919","19","2","639.89",3,2,2,7,"New costumer"
"14881","19","1","255.40",3,1,1,5,"New costumer"
"14595","19","6","1740.60",3,4,4,11,"Loyal Customer"
"14525","19","9","4332.20",3,4,4,11,"Loyal Customer"
"13212","19","3","788.08",3,3,3,9,"Loyal Customer"
"14157","19","2","432.88",3,2,2,7,"New costumer"
"12778","19","6","822.23",3,4,3,10,"Loyal Customer"
"15906","19","7","1567.69",3,4,3,10,"Loyal Customer"
"17387","19","2","784.11",3,2,3,8,"New costumer"
"14159","19","11","4693.01",3,4,4,11,"Loyal Customer"
"15963","19","2","470.76",3,2,2,7,"New costumer"
"13988","19","6","4147.96",3,4,4,11,"Loyal Customer"
"16784","19","1","107.60",3,2,1,6,"New costumer"
"14052","19","1","225.36",3,1,1,5,"New costumer"
"14502","19","11","2470.67",3,4,4,11,"Loyal Customer"
"12395","18","12","3018.63",3,4,4,11,"Loyal Customer"
"13673","18","2","396.92",3,2,2,7,"New costumer"
"15567","18","1","186.01",3,1,1,5,"New costumer"
"12349","18","1","1757.55",3,1,4,8,"New costumer"
"13167","18","4","791.33",3,3,3,9,"Loyal Customer"
"14553","18","5","859.27",3,4,3,10,"Loyal Customer"
"16139","18","3","635.41",3,3,2,8,"Loyal Customer"
"14359","18","3","912.18",3,3,3,9,"Loyal Customer"
"13200","18","4","870.09",3,3,3,9,"Loyal Customer"
"15426","18","5","1447.39",3,4,3,10,"Loyal Customer"
"14449","18","4","907.10",3,3,3,9,"Loyal Customer"
"15745","18","4","1094.59",3,3,3,9,"Loyal Customer"
"15044","18","17","7700.23",3,4,4,11,"Loyal Customer"
"16366","18","1","327.30",3,2,2,7,"New costumer"
"13430","18","2","679.45",3,2,3,8,"New costumer"
"16212","18","2","690.34",3,2,3,8,"New costumer"
"16713","18","15","6923.13",3,4,4,11,"Loyal Customer"
"15738","18","16","4812.42",3,4,4,11,"Loyal Customer"
"15527","18","8","2429.78",3,4,4,11,"Loyal Customer"
"13971","18","8","2758.26",3,4,4,11,"Loyal Customer"
"14300","18","1","43.20",3,1,1,5,"New costumer"
"16399","18","2","408.57",3,2,2,7,"New costumer"
"17636","18","1","285.56",3,1,1,5,"New costumer"
"17227","18","6","939.32",3,4,3,10,"Loyal Customer"
"13189","18","2","260.68",3,2,1,6,"New costumer"
"18040","18","2","357.20",3,2,2,7,"New costumer"
"17758","18","8","3456.70",3,4,4,11,"Loyal Customer"
"15671","18","7","2657.13",3,4,4,11,"Loyal Customer"
"13565","18","2","240.22",3,2,1,6,"New costumer"
"15850","18","2","238.85",3,2,1,6,"New costumer"
"13427","18","3","582.60",3,3,2,8,"Loyal Customer"
"14587","18","9","1601.14",3,4,3,10,"Loyal Customer"
"12597","18","4","3811.22",3,3,4,10,"Loyal Customer"
"15857","18","1","297.00",3,1,1,5,"New costumer"
"17738","18","4","1879.05",3,3,4,10,"Loyal Customer"
"14883","18","6","761.59",3,4,3,10,"Loyal Customer"
"17384","18","2","336.40",3,2,2,7,"New costumer"
"15676","18","3","3435.76",3,3,4,10,"Loyal Customer"
"16411","18","2","214.65",3,2,1,6,"New costumer"
"14984","18","2","213.27",3,2,1,6,"New costumer"
"15645","18","1","612.01",3,1,2,6,"New costumer"
"12795","18","1","430.48",3,1,2,6,"New costumer"
"17425","18","2","759.17",3,2,3,8,"New costumer"
"15988","18","1","158.03",3,1,1,5,"New costumer"
"15533","18","3","807.57",3,3,3,9,"Loyal Customer"
"16710","18","10","2483.04",3,4,4,11,"Loyal Customer"
"12658","18","1","686.05",3,1,3,7,"New costumer"
"13142","18","1","307.09",3,1,1,5,"New costumer"
"16406","18","1","163.07",3,1,1,5,"New costumer"
"17664","18","2","604.64",3,2,2,7,"New costumer"
"14447","18","5","1163.23",3,4,3,10,"Loyal Customer"
"13832","18","1","52.20",3,1,1,5,"New costumer"
"17561","18","1","167.62",3,1,1,5,"New costumer"
"18127","18","3","348.73",3,3,2,8,"Loyal Customer"
"12523","18","11","1789.77",3,4,4,11,"Loyal Customer"
"14860","18","1","170.32",3,1,1,5,"New costumer"
"12984","18","1","97.50",3,1,1,5,"New costumer"
"16533","18","3","1095.56",3,3,3,9,"Loyal Customer"
"13823","18","2","957.66",3,3,3,9,"Loyal Customer"
"16666","18","1","118.98",3,2,1,6,"New costumer"
"14950","18","1","371.20",3,2,2,7,"New costumer"
"18080","18","2","1231.50",3,3,3,9,"Loyal Customer"
"12462","18","2","1189.59",3,3,3,9,"Loyal Customer"
"14030","17","8","2360.09",3,4,4,11,"Loyal Customer"
"17432","17","2","365.76",3,2,2,7,"New costumer"
"17073","17","4","1446.09",3,3,3,9,"Loyal Customer"
"17625","17","4","2047.00",3,3,4,10,"Loyal Customer"
"15116","17","4","1352.75",3,3,3,9,"Loyal Customer"
"14467","17","4","598.76",3,3,2,8,"Loyal Customer"
"14297","17","4","1305.33",3,3,3,9,"Loyal Customer"
"13739","17","1","216.90",3,1,1,5,"New costumer"
"13403","17","1","75.00",3,1,1,5,"New costumer"
"16956","17","1","308.74",3,2,2,7,"New costumer"
"15699","17","1","309.65",3,2,2,7,"New costumer"
"13247","17","4","501.12",3,3,2,8,"Loyal Customer"
"14198","17","4","701.40",3,3,3,9,"Loyal Customer"
"17100","17","2","971.74",3,3,3,9,"Loyal Customer"
"13363","17","2","992.50",3,3,3,9,"Loyal Customer"
"14424","17","1","322.08",3,2,2,7,"New costumer"
"17324","17","4","990.23",3,3,3,9,"Loyal Customer"
"16607","17","14","3347.71",3,4,4,11,"Loyal Customer"
"17010","17","1","195.36",3,1,1,5,"New costumer"
"15179","17","5","2206.95",3,4,4,11,"Loyal Customer"
"14657","17","4","848.22",3,3,3,9,"Loyal Customer"
"15106","17","5","1422.52",3,4,3,10,"Loyal Customer"
"17075","17","4","834.12",3,3,3,9,"Loyal Customer"
"13681","17","4","827.83",3,3,3,9,"Loyal Customer"
"15115","17","1","340.11",3,2,2,7,"New costumer"
"17253","17","1","178.26",3,1,1,5,"New costumer"
"16330","17","3","251.91",3,3,1,7,"Loyal Customer"
"15971","17","12","4199.85",3,4,4,11,"Loyal Customer"
"13499","17","5","1159.11",3,4,3,10,"Loyal Customer"
"15497","17","2","1262.20",3,3,3,9,"Loyal Customer"
"15132","17","5","977.93",3,4,3,10,"Loyal Customer"
"16128","17","5","1880.22",3,4,4,11,"Loyal Customer"
"16311","17","2","616.26",3,2,2,7,"New costumer"
"13268","17","11","3214.69",3,4,4,11,"Loyal Customer"
"17600","17","1","161.67",3,1,1,5,"New costumer"
"16748","17","5","1515.90",3,4,3,10,"Loyal Customer"
"13282","17","3","1132.14",3,3,3,9,"Loyal Customer"
"16365","17","9","1540.42",3,4,3,10,"Loyal Customer"
"15093","17","6","4597.02",3,4,4,11,"Loyal Customer"
"12904","17","2","509.58",3,2,2,7,"New costumer"
"14834","17","6","1720.30",3,4,4,11,"Loyal Customer"
"13456","17","6","1766.72",4,4,4,12,"VIP"
"16352","17","2","494.44",4,2,2,8,"New costumer"
"14551","17","2","186.23",4,2,1,7,"New costumer"
"17453","17","2","486.72",4,2,2,8,"New costumer"
"13246","17","6","1987.30",4,4,4,12,"VIP"
"16369","17","3","1553.66",4,3,3,10,"Loyal Customer"
"14482","17","6","2068.15",4,4,4,12,"VIP"
"14515","17","6","2102.09",4,4,4,12,"VIP"
"12504","17","2","482.05",4,2,2,8,"New costumer"
"18139","17","6","8438.34",4,4,4,12,"VIP"
"15845","17","8","3711.77",4,4,4,12,"VIP"
"17155","17","2","251.70",4,2,1,7,"New costumer"
"16655","17","6","3794.52",4,4,4,12,"VIP"
"13862","17","8","2209.36",4,4,4,12,"VIP"
"15163","17","2","304.47",4,2,1,7,"New costumer"
"15105","17","7","2298.93",4,4,4,12,"VIP"
"16532","17","3","6748.80",4,3,4,11,"Loyal Customer"
"16107","17","7","3204.16",4,4,4,12,"VIP"
"12920","16","1","164.23",4,1,1,6,"New costumer"
"14505","16","8","5905.64",4,4,4,12,"VIP"
"14205","16","2","466.70",4,2,2,8,"New costumer"
"16164","16","3","822.48",4,3,3,10,"Loyal Customer"
"17700","16","4","2534.64",4,3,4,11,"Loyal Customer"
"13986","16","1","320.46",4,2,2,8,"New costumer"
"13322","16","1","199.48",4,1,1,6,"New costumer"
"17759","16","3","834.99",4,3,3,10,"Loyal Customer"
"14329","16","7","5014.84",4,4,4,12,"VIP"
"17519","16","6","1844.02",4,4,4,12,"VIP"
"13940","16","4","839.14",4,3,3,10,"Loyal Customer"
"13238","16","4","700.73",4,3,3,10,"Loyal Customer"
"15634","16","1","243.55",4,1,1,6,"New costumer"
"16079","16","3","1352.00",4,3,3,10,"Loyal Customer"
"14334","16","8","2552.21",4,4,4,12,"VIP"
"17338","16","8","6643.93",4,4,4,12,"VIP"
"17659","16","12","2999.46",4,4,4,12,"VIP"
"18249","16","1","95.34",4,1,1,6,"New costumer"
"15949","16","2","364.72",4,2,2,8,"New costumer"
"17360","16","3","585.79",4,3,2,9,"Loyal Customer"
"15977","16","2","1054.73",4,3,3,10,"Loyal Customer"
"16670","16","11","4095.90",4,4,4,12,"VIP"
"14336","16","4","1614.91",4,3,3,10,"Loyal Customer"
"16900","16","3","887.11",4,3,3,10,"Loyal Customer"
"12452","16","2","430.57",4,2,2,8,"New costumer"
"16255","16","8","2619.91",4,4,4,12,"VIP"
"13742","16","12","3131.02",4,4,4,12,"VIP"
"17685","16","7","3191.53",4,4,4,12,"VIP"
"16020","16","3","851.01",4,3,3,10,"Loyal Customer"
"14506","16","5","2012.17",4,4,4,12,"VIP"
"17297","16","1","131.78",4,1,1,6,"New costumer"
"12656","16","5","4051.17",4,4,4,12,"VIP"
"17371","16","3","423.89",4,3,2,9,"Loyal Customer"
"15901","16","3","363.88",4,3,2,9,"Loyal Customer"
"13650","16","6","1836.34",4,4,4,12,"VIP"
"12474","16","18","7375.79",4,4,4,12,"VIP"
"15150","16","10","5314.47",4,4,4,12,"VIP"
"16422","16","51","34684.40",4,4,4,12,"VIP"
"14020","16","2","642.80",4,2,2,8,"New costumer"
"13502","16","3","292.00",4,3,1,8,"Loyal Customer"
"16985","16","10","5464.12",4,4,4,12,"VIP"
"12465","16","2","742.19",4,2,3,9,"New costumer"
"16633","16","6","2883.10",4,4,4,12,"VIP"
"12586","16","1","196.94",4,1,1,6,"New costumer"
"15965","16","4","845.64",4,3,3,10,"Loyal Customer"
"12775","16","5","1386.04",4,4,3,11,"VIP"
"16722","16","13","4730.81",4,4,4,12,"VIP"
"14790","16","4","745.06",4,3,3,10,"Loyal Customer"
"14049","16","4","5681.72",4,3,4,11,"Loyal Customer"
"16185","16","2","529.41",4,2,2,8,"New costumer"
"14581","16","1","138.60",4,1,1,6,"New costumer"
"15727","16","7","5178.96",4,4,4,12,"VIP"
"13569","16","2","373.75",4,2,2,8,"New costumer"
"17500","16","3","1138.00",4,3,3,10,"Loyal Customer"
"12483","16","8","2484.98",4,4,4,12,"VIP"
"14768","16","2","192.60",4,2,1,7,"New costumer"
"13448","16","6","3539.37",4,4,4,12,"VIP"
"16066","16","5","1521.87",4,4,3,11,"VIP"
"14912","16","2","867.85",4,2,3,9,"New costumer"
"15814","16","4","1945.33",4,3,4,11,"Loyal Customer"
"13488","16","13","8968.31",4,4,4,12,"VIP"
"16261","16","4","746.83",4,3,3,10,"Loyal Customer"
"12936","16","4","1063.90",4,3,3,10,"Loyal Customer"
"13139","15","7","5064.94",4,4,4,12,"VIP"
"14675","15","1","604.75",4,1,2,7,"New costumer"
"12388","15","6","2780.66",4,4,4,12,"VIP"
"17422","15","6","1979.37",4,4,4,12,"VIP"
"15005","15","28","6316.57",4,4,4,12,"VIP"
"13018","15","28","7277.70",4,4,4,12,"VIP"
"16189","15","2","215.48",4,2,1,7,"New costumer"
"12619","15","9","3641.24",4,4,4,12,"VIP"
"13277","15","4","258.40",4,3,1,8,"Loyal Customer"
"15393","15","2","231.86",4,2,1,7,"New costumer"
"14335","15","2","468.26",4,2,2,8,"New costumer"
"18084","15","1","90.48",4,1,1,6,"New costumer"
"13831","15","6","2202.99",4,4,4,12,"VIP"
"13588","15","9","2478.95",4,4,4,12,"VIP"
"15502","15","12","10384.93",4,4,4,12,"VIP"
"15743","15","4","784.46",4,3,3,10,"Loyal Customer"
"16057","15","7","2263.12",4,4,4,12,"VIP"
"15594","15","5","1771.78",4,4,4,12,"VIP"
"17809","15","12","5411.91",4,4,4,12,"VIP"
"12557","15","5","11990.96",4,4,4,12,"VIP"
"14607","15","14","16569.50",4,4,4,12,"VIP"
"15482","15","12","11054.96",4,4,4,12,"VIP"
"17139","15","12","10668.47",4,4,4,12,"VIP"
"16653","15","2","1212.66",4,3,3,10,"Loyal Customer"
"13350","15","2","979.12",4,3,3,10,"Loyal Customer"
"14733","15","12","9585.91",4,4,4,12,"VIP"
"13899","15","2","388.52",4,2,2,8,"New costumer"
"15253","15","5","918.20",4,4,3,11,"VIP"
"17671","15","4","1572.71",4,3,3,10,"Loyal Customer"
"12948","15","7","2064.95",4,4,4,12,"VIP"
"13644","15","4","2624.26",4,3,4,11,"Loyal Customer"
"17410","15","5","1214.72",4,4,3,11,"VIP"
"15270","15","7","2379.49",4,4,4,12,"VIP"
"16173","15","6","1418.32",4,4,3,11,"VIP"
"12476","15","11","6816.42",4,4,4,12,"VIP"
"17469","15","5","1870.97",4,4,4,12,"VIP"
"12757","15","13","7857.10",4,4,4,12,"VIP"
"13638","15","1","122.64",4,2,1,7,"New costumer"
"16660","15","4","1267.65",4,3,3,10,"Loyal Customer"
"17135","15","7","1139.73",4,4,3,11,"VIP"
"17463","15","5","1896.41",4,4,4,12,"VIP"
"17725","15","11","3439.08",4,4,4,12,"VIP"
"17034","15","3","745.52",4,3,3,10,"Loyal Customer"
"15398","15","2","1345.53",4,3,3,10,"Loyal Customer"
"14099","15","11","3104.17",4,4,4,12,"VIP"
"16343","15","2","370.48",4,2,2,8,"New costumer"
"14744","15","7","1099.98",4,4,3,11,"VIP"
"16482","15","1","220.62",4,1,1,6,"New costumer"
"12494","15","7","1246.10",4,4,3,11,"VIP"
"15632","15","8","3285.31",4,4,4,12,"VIP"
"15034","15","8","4308.61",4,4,4,12,"VIP"
"14539","15","2","537.48",4,2,2,8,"New costumer"
"15916","15","8","1528.09",4,4,3,11,"VIP"
"17228","15","8","1906.09",4,4,4,12,"VIP"
"17133","15","7","4892.24",4,4,4,12,"VIP"
"16824","15","2","460.64",4,2,2,8,"New costumer"
"16157","15","3","656.69",4,3,2,9,"Loyal Customer"
"16596","15","2","250.15",4,2,1,7,"New costumer"
"13174","15","3","2817.03",4,3,4,11,"Loyal Customer"
"12421","15","4","807.04",4,3,3,10,"Loyal Customer"
"14987","15","2","326.40",4,2,2,8,"New costumer"
"15858","15","5","1438.85",4,4,3,11,"VIP"
"12681","14","22","13787.54",4,4,4,12,"VIP"
"18172","14","20","7561.68",4,4,4,12,"VIP"
"18188","14","3","2001.04",4,3,4,11,"Loyal Customer"
"15428","14","1","93.78",4,1,1,6,"New costumer"
"14805","14","4","554.65",4,3,2,9,"Loyal Customer"
"18184","14","1","49.80",4,1,1,6,"New costumer"
"15382","14","6","5955.71",4,4,4,12,"VIP"
"18161","14","5","1618.69",4,4,3,11,"VIP"
"14703","14","1","318.17",4,2,2,8,"New costumer"
"12705","14","9","6868.29",4,4,4,12,"VIP"
"17323","14","7","921.07",4,4,3,11,"VIP"
"17385","14","1","261.11",4,1,1,6,"New costumer"
"16885","14","3","471.51",4,3,2,9,"Loyal Customer"
"13978","14","2","196.79",4,2,1,7,"New costumer"
"17302","14","5","1135.63",4,4,3,11,"VIP"
"15793","14","3","965.61",4,3,3,10,"Loyal Customer"
"16616","14","2","500.42",4,2,2,8,"New costumer"
"17348","14","5","1159.52",4,4,3,11,"VIP"
"16719","14","7","1790.42",4,4,4,12,"VIP"
"17975","14","13","4488.81",4,4,4,12,"VIP"
"14756","14","1","738.96",4,1,3,8,"New costumer"
"13525","14","2","628.78",4,2,2,8,"New costumer"
"17767","14","1","271.20",4,1,1,6,"New costumer"
"13589","14","2","379.65",4,2,2,8,"New costumer"
"14277","14","3","4216.20",4,3,4,11,"Loyal Customer"
"15117","14","5","1551.78",4,4,3,11,"VIP"
"17458","14","1","316.50",4,2,2,8,"New costumer"
"16566","14","5","614.66",4,4,2,10,"VIP"
"13207","14","2","250.26",4,2,1,7,"New costumer"
"13184","14","10","1701.29",4,4,4,12,"VIP"
"13579","14","2","467.04",4,2,2,8,"New costumer"
"12620","14","3","1339.41",4,3,3,10,"Loyal Customer"
"14966","14","1","191.32",4,1,1,6,"New costumer"
"15872","14","2","360.93",4,2,2,8,"New costumer"
"17624","14","2","843.48",4,2,3,9,"New costumer"
"12937","14","4","1504.27",4,3,3,10,"Loyal Customer"
"13995","14","5","1393.69",4,4,3,11,"VIP"
"16609","14","7","5493.46",4,4,4,12,"VIP"
"15953","14","8","1659.38",4,4,3,11,"VIP"
"15134","14","8","1387.99",4,4,3,11,"VIP"
"18130","14","3","1059.39",4,3,3,10,"Loyal Customer"
"16668","14","6","306.72",4,4,1,9,"VIP"
"17247","14","1","282.19",4,1,1,6,"New costumer"
"17727","14","1","1060.25",4,2,3,9,"New costumer"
"14591","14","4","1447.14",4,3,3,10,"Loyal Customer"
"17345","14","4","537.74",4,3,2,9,"Loyal Customer"
"12531","14","1","125.22",4,2,1,7,"New costumer"
"13050","14","17","5836.86",4,4,4,12,"VIP"
"12709","14","15","9736.52",4,4,4,12,"VIP"
"13719","14","5","1041.68",4,3,3,10,"Loyal Customer"
"14709","14","13","4921.04",4,4,4,12,"VIP"
"16856","14","1","35.40",4,2,1,7,"New costumer"
"15737","14","8","1205.12",4,4,3,11,"VIP"
"15725","14","1","415.25",4,1,2,7,"New costumer"
"17096","14","4","1022.13",4,3,3,10,"Loyal Customer"
"16570","14","10","3738.40",4,4,4,12,"VIP"
"17516","14","5","768.08",4,3,3,10,"Loyal Customer"
"13048","13","4","1835.91",4,3,4,11,"Loyal Customer"
"13149","13","4","1676.06",4,3,4,11,"Loyal Customer"
"14111","13","4","692.85",4,3,3,10,"Loyal Customer"
"12438","13","2","2906.85",4,3,4,11,"Loyal Customer"
"15473","13","7","1771.20",4,4,4,12,"VIP"
"17557","13","3","541.46",4,3,2,9,"Loyal Customer"
"16327","13","6","3844.22",4,4,4,12,"VIP"
"17562","13","7","1122.38",4,4,3,11,"VIP"
"13332","13","1","350.90",4,2,2,8,"New costumer"
"14710","13","4","606.13",4,3,2,9,"Loyal Customer"
"16814","13","21","6509.10",4,4,4,12,"VIP"
"13437","13","7","3408.06",4,4,4,12,"VIP"
"15186","13","2","411.41",4,2,2,8,"New costumer"
"17329","13","2","523.11",4,2,2,8,"New costumer"
"17813","13","5","1770.88",4,4,4,12,"VIP"
"14946","13","1","100.90",4,1,1,6,"New costumer"
"18156","12","2","734.94",4,2,3,9,"New costumer"
"14577","12","4","859.71",4,3,3,10,"Loyal Customer"
"14859","12","4","1353.74",4,3,3,10,"Loyal Customer"
"17236","12","6","916.13",4,4,3,11,"VIP"
"18145","12","4","2861.55",4,3,4,11,"Loyal Customer"
"15747","12","3","974.04",4,3,3,10,"Loyal Customer"
"13232","12","7","1357.60",4,4,3,11,"VIP"
"13064","12","4","1119.49",4,3,3,10,"Loyal Customer"
"17769","12","10","3997.98",4,4,4,12,"VIP"
"16407","12","10","2126.93",4,4,4,12,"VIP"
"14878","12","9","1485.54",4,4,3,11,"VIP"
"13782","12","6","912.00",4,4,3,11,"VIP"
"17365","12","8","4801.56",4,4,4,12,"VIP"
"13571","12","12","2092.32",4,4,4,12,"VIP"
"16983","12","7","1931.25",4,4,4,12,"VIP"
"17812","12","4","732.16",4,3,3,10,"Loyal Customer"
"16942","12","9","1920.59",4,4,4,12,"VIP"
"17864","12","3","597.50",4,3,2,9,"Loyal Customer"
"18112","11","2","352.69",4,2,2,8,"New costumer"
"17595","11","2","388.79",4,2,2,8,"New costumer"
"14954","11","1","336.17",4,2,2,8,"New costumer"
"17885","11","1","190.19",4,1,1,6,"New costumer"
"15561","11","4","800.59",4,3,3,10,"Loyal Customer"
"15511","11","5","909.23",4,4,3,11,"VIP"
"13004","11","18","5655.91",4,4,4,12,"VIP"
"15436","11","3","1122.53",4,3,3,10,"Loyal Customer"
"17924","11","7","2962.50",4,4,4,12,"VIP"
"16923","11","19","7247.61",4,4,4,12,"VIP"
"17299","11","4","669.11",4,3,2,9,"Loyal Customer"
"18229","11","20","7276.90",4,4,4,12,"VIP"
"18041","11","21","4183.39",4,4,4,12,"VIP"
"13914","11","2","626.45",4,2,2,8,"New costumer"
"17411","11","3","778.94",4,3,3,10,"Loyal Customer"
"15514","11","11","4139.46",4,4,4,12,"VIP"
"15571","11","4","650.43",4,3,2,9,"Loyal Customer"
"13610","11","7","1131.88",4,4,3,11,"VIP"
"17068","11","21","4552.14",4,4,4,12,"VIP"
"13081","11","11","28337.38",4,4,4,12,"VIP"
"15714","11","2","330.88",4,2,2,8,"New costumer"
"12906","11","5","2919.81",4,4,4,12,"VIP"
"17651","11","10","3945.00",4,4,4,12,"VIP"
"16005","11","4","615.39",4,3,2,9,"Loyal Customer"
"17852","11","2","114.34",4,2,1,7,"New costumer"
"17231","11","10","3174.32",4,4,4,12,"VIP"
"16024","11","1","251.24",4,1,1,6,"New costumer"
"14215","11","6","1789.72",4,4,4,12,"VIP"
"13991","11","6","855.97",4,4,3,11,"VIP"
"13115","11","4","2294.78",4,3,4,11,"Loyal Customer"
"17988","11","7","201.12",4,4,1,9,"VIP"
"16877","11","6","853.72",4,4,3,11,"VIP"
"13258","11","3","698.58",4,3,3,10,"Loyal Customer"
"15987","11","7","1451.28",4,4,3,11,"VIP"
"12668","11","4","3807.15",4,3,4,11,"Loyal Customer"
"14470","11","2","461.19",4,2,2,8,"New costumer"
"13758","11","7","3190.55",4,4,4,12,"VIP"
"14093","11","1","442.85",4,1,2,7,"New costumer"
"17031","11","2","380.35",4,2,2,8,"New costumer"
"15861","11","8","3165.36",4,4,4,12,"VIP"
"18001","11","2","417.23",4,2,2,8,"New costumer"
"14741","11","6","1400.34",4,4,3,11,"VIP"
"13546","11","3","626.99",4,3,2,9,"Loyal Customer"
"17739","11","7","2791.35",4,4,4,12,"VIP"
"15721","11","1","507.08",4,1,2,7,"New costumer"
"15054","11","2","302.10",4,2,1,7,"New costumer"
"15009","11","3","1261.78",4,3,3,10,"Loyal Customer"
"18096","11","3","911.15",4,3,3,10,"Loyal Customer"
"15555","11","16","4805.17",4,4,4,12,"VIP"
"16094","11","4","1078.23",4,3,3,10,"Loyal Customer"
"16364","11","2","707.04",4,2,3,9,"New costumer"
"15022","11","4","905.04",4,3,3,10,"Loyal Customer"
"15351","11","7","1960.11",4,4,4,12,"VIP"
"13418","11","18","6127.43",4,4,4,12,"VIP"
"17188","10","7","2474.23",4,4,4,12,"VIP"
"15197","10","3","1079.61",4,3,3,10,"Loyal Customer"
"15218","10","11","5756.89",4,4,4,12,"VIP"
"13883","10","5","2674.48",4,4,4,12,"VIP"
"12657","10","4","1643.18",4,3,3,10,"Loyal Customer"
"12727","10","7","3980.70",4,4,4,12,"VIP"
"13496","10","2","653.33",4,2,2,8,"New costumer"
"14180","10","25","4748.52",4,4,4,12,"VIP"
"12479","10","1","527.20",4,1,2,7,"New costumer"
"13467","10","2","1083.71",4,3,3,10,"Loyal Customer"
"13137","10","8","3650.41",4,4,4,12,"VIP"
"14408","10","7","2606.53",4,4,4,12,"VIP"
"15619","10","1","336.40",4,2,2,8,"New costumer"
"16800","10","1","1201.49",4,2,3,9,"New costumer"
"14601","10","1","213.96",4,1,1,6,"New costumer"
"16347","10","2","887.65",4,2,3,9,"New costumer"
"17655","10","7","2638.94",4,4,4,12,"VIP"
"15783","10","1","246.30",4,1,1,6,"New costumer"
"16168","10","27","3787.60",4,4,4,12,"VIP"
"18118","10","26","5653.82",4,4,4,12,"VIP"
"17772","10","2","182.77",4,2,1,7,"New costumer"
"17237","10","2","314.69",4,2,2,8,"New costumer"
"17419","10","12","4226.57",4,4,4,12,"VIP"
"12627","10","7","4478.53",4,4,4,12,"VIP"
"15540","10","1","213.30",4,1,1,6,"New costumer"
"15838","10","19","33643.08",4,4,4,12,"VIP"
"14550","10","2","765.62",4,2,3,9,"New costumer"
"13844","10","1","361.62",4,2,2,8,"New costumer"
"17379","10","1","404.66",4,1,2,7,"New costumer"
"13188","10","1","114.60",4,2,1,7,"New costumer"
"13349","10","1","247.32",4,1,1,6,"New costumer"
"14597","10","2","883.15",4,2,3,9,"New costumer"
"14125","10","3","2740.43",4,3,4,11,"Loyal Customer"
"17711","10","2","385.10",4,2,2,8,"New costumer"
"13928","10","4","464.57",4,3,2,9,"Loyal Customer"
"14667","10","25","9241.20",4,4,4,12,"VIP"
"14321","10","5","1530.75",4,4,3,11,"VIP"
"12451","10","5","9035.52",4,4,4,12,"VIP"
"17359","10","1","127.86",4,1,1,6,"New costumer"
"14511","10","5","1314.81",4,4,3,11,"VIP"
"14480","10","1","279.05",4,1,1,6,"New costumer"
"13030","10","2","799.48",4,2,3,9,"New costumer"
"16992","10","5","1614.31",4,4,3,11,"VIP"
"14290","10","5","2314.65",4,3,4,11,"Loyal Customer"
"17306","10","19","8631.31",4,4,4,12,"VIP"
"13429","10","4","1006.80",4,3,3,10,"Loyal Customer"
"14866","10","12","14389.90",4,4,4,12,"VIP"
"14173","10","4","450.84",4,3,2,9,"Loyal Customer"
"13266","10","12","3834.26",4,4,4,12,"VIP"
"14961","10","9","7044.68",4,4,4,12,"VIP"
"13950","10","4","745.06",4,3,3,10,"Loyal Customer"
"16818","10","11","3349.57",4,4,4,12,"VIP"
"15601","10","14","6776.56",4,4,4,12,"VIP"
"12660","10","1","245.10",4,1,1,6,"New costumer"
"13590","10","6","1981.92",4,4,4,12,"VIP"
"14704","10","9","1546.91",4,4,3,11,"VIP"
"18101","10","2","223.65",4,2,1,7,"New costumer"
"17929","10","4","843.00",4,3,3,10,"Loyal Customer"
"13389","10","3","797.96",4,3,3,10,"Loyal Customer"
"14901","10","9","1421.29",4,4,3,11,"VIP"
"17019","10","4","1272.61",4,3,3,10,"Loyal Customer"
"17523","10","4","652.74",4,3,2,9,"Loyal Customer"
"17806","10","1","546.04",4,1,2,7,"New costumer"
"14419","10","6","1058.06",4,4,3,11,"VIP"
"13014","10","10","3466.28",4,4,4,12,"VIP"
"14452","10","2","264.44",4,2,1,7,"New costumer"
"14209","10","6","2073.43",4,4,4,12,"VIP"
"16744","10","7","1304.76",4,4,3,11,"VIP"
"12654","10","5","601.98",4,4,2,10,"VIP"
"14701","10","9","2549.37",4,4,4,12,"VIP"
"13196","10","4","1797.78",4,3,4,11,"Loyal Customer"
"15148","10","1","301.29",4,1,1,6,"New costumer"
"13657","10","2","382.14",4,2,2,8,"New costumer"
"12375","10","2","457.50",4,2,2,8,"New costumer"
"14390","9","9","4652.82",4,4,4,12,"VIP"
"14824","9","4","1127.71",4,3,3,10,"Loyal Customer"
"15039","9","47","19914.44",4,4,4,12,"VIP"
"15414","9","3","774.90",4,3,3,10,"Loyal Customer"
"16782","9","13","2279.90",4,4,4,12,"VIP"
"12488","9","3","1298.66",4,3,3,10,"Loyal Customer"
"15782","9","3","2614.74",4,3,4,11,"Loyal Customer"
"17101","9","4","1621.73",4,3,3,10,"Loyal Customer"
"13211","9","3","1197.42",4,3,3,10,"Loyal Customer"
"13198","9","6","3401.24",4,4,4,12,"VIP"
"14963","9","5","1487.80",4,4,3,11,"VIP"
"16295","9","4","1328.55",4,3,3,10,"Loyal Customer"
"16852","9","2","144.91",4,2,1,7,"New costumer"
"17468","9","2","137.00",4,2,1,7,"New costumer"
"14554","9","4","2381.04",4,3,4,11,"Loyal Customer"
"12464","9","8","1212.05",4,4,3,11,"VIP"
"12966","9","1","160.18",4,1,1,6,"New costumer"
"13658","9","5","2639.17",4,4,4,12,"VIP"
"14836","9","3","102.45",4,3,1,8,"Loyal Customer"
"15073","9","3","1043.41",4,3,3,10,"Loyal Customer"
"16115","9","8","1667.97",4,4,4,12,"VIP"
"14785","9","2","77.40",4,2,1,7,"New costumer"
"15790","9","1","220.85",4,1,1,6,"New costumer"
"16549","9","10","4154.64",4,4,4,12,"VIP"
"14388","9","8","3212.84",4,4,4,12,"VIP"
"14005","9","5","2874.72",4,4,4,12,"VIP"
"15024","9","10","1661.33",4,4,3,11,"VIP"
"16241","9","13","2607.87",4,4,4,12,"VIP"
"12670","9","5","2996.05",4,4,4,12,"VIP"
"14349","9","1","133.50",4,1,1,6,"New costumer"
"14711","9","11","2868.80",4,4,4,12,"VIP"
"12598","9","8","3023.08",4,4,4,12,"VIP"
"14755","9","11","5010.28",4,4,4,12,"VIP"
"13428","9","1","218.47",4,1,1,6,"New costumer"
"17466","9","2","763.28",4,2,3,9,"New costumer"
"15615","9","23","10399.74",4,4,4,12,"VIP"
"12630","9","2","1270.88",4,3,3,10,"Loyal Customer"
"15903","9","7","5126.76",4,4,4,12,"VIP"
"16361","9","4","896.66",4,3,3,10,"Loyal Customer"
"16775","9","11","1695.66",4,4,4,12,"VIP"
"18058","9","1","170.16",4,1,1,6,"New costumer"
"12787","9","3","463.66",4,3,2,9,"Loyal Customer"
"12953","9","1","329.85",4,2,2,8,"New costumer"
"15152","9","13","4745.69",4,4,4,12,"VIP"
"13784","9","11","2462.79",4,4,4,12,"VIP"
"16479","9","2","300.83",4,2,1,7,"New costumer"
"12798","9","3","6977.04",4,3,4,11,"Loyal Customer"
"14723","9","6","1158.30",4,4,3,11,"VIP"
"15611","9","13","1591.45",4,4,3,11,"VIP"
"13147","9","4","712.80",4,3,3,10,"Loyal Customer"
"15206","9","4","420.30",4,3,2,9,"Loyal Customer"
"14893","9","2","1237.85",4,3,3,10,"Loyal Customer"
"13999","9","12","3901.81",4,4,4,12,"VIP"
"18241","9","17","2073.09",4,4,4,12,"VIP"
"14062","9","12","10464.85",4,4,4,12,"VIP"
"14088","9","13","50491.81",4,4,4,12,"VIP"
"12957","9","8","4017.54",4,4,4,12,"VIP"
"15239","9","2","780.59",4,2,3,9,"New costumer"
"13203","9","4","869.46",4,3,3,10,"Loyal Customer"
"15394","9","4","2183.54",4,3,4,11,"Loyal Customer"
"16062","9","4","1153.62",4,3,3,10,"Loyal Customer"
"15297","9","3","641.94",4,3,2,9,"Loyal Customer"
"13576","9","18","6717.34",4,4,4,12,"VIP"
"14432","9","6","2255.51",4,4,4,12,"VIP"
"15755","9","6","2364.25",4,4,4,12,"VIP"
"14156","9","55","117379.63",4,4,4,12,"VIP"
"15089","9","6","2420.84",4,4,4,12,"VIP"
"14540","9","3","996.26",4,3,3,10,"Loyal Customer"
"16657","9","4","933.62",4,3,3,10,"Loyal Customer"
"15113","9","3","3609.33",4,3,4,11,"Loyal Customer"
"17682","9","6","2474.33",4,4,4,12,"VIP"
"13647","9","4","1678.12",4,3,4,11,"Loyal Customer"
"13068","9","2","344.00",4,2,2,8,"New costumer"
"16145","8","11","3799.49",4,4,4,12,"VIP"
"16839","8","34","16594.35",4,4,4,12,"VIP"
"16938","8","4","2736.38",4,3,4,11,"Loyal Customer"
"13362","8","4","3090.74",4,3,4,11,"Loyal Customer"
"13159","8","4","1437.85",4,3,3,10,"Loyal Customer"
"12429","8","4","3750.40",4,3,4,11,"Loyal Customer"
"17502","8","4","689.10",4,3,3,10,"Loyal Customer"
"15380","8","5","1690.26",4,3,4,11,"Loyal Customer"
"12921","8","37","16587.09",4,4,4,12,"VIP"
"14804","8","1","353.27",4,2,2,8,"New costumer"
"14047","8","5","1308.61",4,4,3,11,"VIP"
"12714","8","5","4708.86",4,4,4,12,"VIP"
"17911","8","1","366.23",4,2,2,8,"New costumer"
"15172","8","5","1624.05",4,4,3,11,"VIP"
"14146","8","5","4191.00",4,4,4,12,"VIP"
"14385","8","3","202.11",4,3,1,8,"Loyal Customer"
"15712","8","5","1072.36",4,4,3,11,"VIP"
"17737","8","2","168.24",4,2,1,7,"New costumer"
"17736","8","3","377.44",4,3,2,9,"Loyal Customer"
"18179","8","6","1793.17",4,4,4,12,"VIP"
"12528","8","6","1933.48",4,4,4,12,"VIP"
"12951","8","6","1064.07",4,4,3,11,"VIP"
"16915","8","6","621.68",4,4,2,10,"VIP"
"14289","8","6","911.26",4,4,3,11,"VIP"
"14618","8","3","553.44",4,3,2,9,"Loyal Customer"
"15101","8","2","317.53",4,2,2,8,"New costumer"
"15467","8","3","524.88",4,3,2,9,"Loyal Customer"
"13509","8","7","979.72",4,4,3,11,"VIP"
"14178","8","7","1620.93",4,4,3,11,"VIP"
"15993","8","7","2797.57",4,4,4,12,"VIP"
"14448","8","2","375.35",4,2,2,8,"New costumer"
"18230","8","7","2810.20",4,4,4,12,"VIP"
"17937","8","7","4301.22",4,4,4,12,"VIP"
"17288","8","7","1419.73",4,4,3,11,"VIP"
"13255","8","2","399.51",4,2,2,8,"New costumer"
"12524","8","8","4485.72",4,4,4,12,"VIP"
"15680","8","3","1333.68",4,3,3,10,"Loyal Customer"
"13012","8","8","1661.84",4,4,3,11,"VIP"
"18158","8","2","453.40",4,2,2,8,"New costumer"
"15687","8","9","2993.10",4,4,4,12,"VIP"
"14258","8","9","12669.98",4,4,4,12,"VIP"
"16265","8","9","5447.00",4,4,4,12,"VIP"
"15021","8","9","1914.82",4,4,4,12,"VIP"
"16496","8","3","1599.52",4,3,3,10,"Loyal Customer"
"16156","8","9","3122.04",4,4,4,12,"VIP"
"15544","8","9","3546.71",4,4,4,12,"VIP"
"14659","8","9","2529.93",4,4,4,12,"VIP"
"14243","8","10","2588.77",4,4,4,12,"VIP"
"15654","8","2","922.53",4,2,3,9,"New costumer"
"12784","8","2","574.42",4,2,2,8,"New costumer"
"12882","8","2","1463.04",4,3,3,10,"Loyal Customer"
"14713","8","11","2666.36",4,4,4,12,"VIP"
"15444","8","2","1418.26",4,3,3,10,"Loyal Customer"
"16712","8","11","3645.43",4,4,4,12,"VIP"
"15251","8","11","10484.99",4,4,4,12,"VIP"
"16701","8","13","5398.30",4,4,4,12,"VIP"
"13040","8","2","676.99",4,2,3,9,"New costumer"
"16700","8","13","5076.55",4,4,4,12,"VIP"
"13090","8","14","8910.82",4,4,4,12,"VIP"
"12572","8","2","1020.42",4,3,3,10,"Loyal Customer"
"15046","8","15","5213.77",4,4,4,12,"VIP"
"16376","8","2","987.01",4,3,3,10,"Loyal Customer"
"15951","8","2","708.22",4,2,3,9,"New costumer"
"14869","8","2","725.70",4,2,3,9,"New costumer"
"13854","8","25","8109.52",4,4,4,12,"VIP"
"12901","8","28","17654.54",4,4,4,12,"VIP"
"17381","8","29","20275.61",4,4,4,12,"VIP"
"12762","7","2","1898.52",4,3,4,11,"Loyal Customer"
"14309","7","9","2352.53",4,4,4,12,"VIP"
"14298","7","44","51527.30",4,4,4,12,"VIP"
"17293","7","9","1875.11",4,4,4,12,"VIP"
"14732","7","8","2702.49",4,4,4,12,"VIP"
"17350","7","4","1286.07",4,3,3,10,"Loyal Customer"
"14897","7","4","1366.38",4,3,3,10,"Loyal Customer"
"18122","7","6","1826.21",4,4,4,12,"VIP"
"12664","7","9","4881.88",4,4,4,12,"VIP"
"17495","7","2","497.56",4,2,2,8,"New costumer"
"13297","7","4","2089.85",4,3,4,11,"Loyal Customer"
"14895","7","20","11138.71",4,4,4,12,"VIP"
"15434","7","5","1041.48",4,3,3,10,"Loyal Customer"
"15862","7","4","832.88",4,3,3,10,"Loyal Customer"
"16011","7","16","3362.71",4,4,4,12,"VIP"
"14092","7","14","4076.91",4,4,4,12,"VIP"
"16789","7","1","80.80",4,1,1,6,"New costumer"
"17942","7","1","77.50",4,1,1,6,"New costumer"
"16759","7","3","789.79",4,3,3,10,"Loyal Customer"
"14367","7","16","9261.52",4,4,4,12,"VIP"
"16440","7","5","3640.67",4,4,4,12,"VIP"
"15373","7","12","2415.91",4,4,4,12,"VIP"
"12587","7","1","144.00",4,1,1,6,"New costumer"
"12919","7","6","1335.19",4,4,3,11,"VIP"
"16038","7","3","471.78",4,3,2,9,"Loyal Customer"
"13705","7","3","711.86",4,3,3,10,"Loyal Customer"
"16899","7","6","1281.56",4,4,3,11,"VIP"
"17321","7","2","700.86",4,2,3,9,"New costumer"
"15904","7","1","164.68",4,1,1,6,"New costumer"
"15144","7","17","6580.44",4,4,4,12,"VIP"
"18144","7","12","2888.75",4,4,4,12,"VIP"
"18077","7","11","2633.01",4,4,4,12,"VIP"
"17115","7","3","837.50",4,3,3,10,"Loyal Customer"
"14126","7","3","706.13",4,3,3,10,"Loyal Customer"
"16119","7","2","423.36",4,2,2,8,"New costumer"
"15060","7","4","303.09",4,3,1,8,"Loyal Customer"
"14262","7","8","2618.23",4,4,4,12,"VIP"
"16813","7","10","1692.98",4,4,4,12,"VIP"
"12700","7","4","4939.99",4,3,4,11,"Loyal Customer"
"12684","7","7","2283.63",4,4,4,12,"VIP"
"12364","7","4","1313.10",4,3,3,10,"Loyal Customer"
"15028","7","4","627.13",4,3,2,9,"Loyal Customer"
"17183","7","6","3347.31",4,4,4,12,"VIP"
"17768","7","3","2273.18",4,3,4,11,"Loyal Customer"
"14287","7","3","176.63",4,3,1,8,"Loyal Customer"
"17426","7","6","5037.26",4,4,4,12,"VIP"
"15531","7","2","2007.44",4,3,4,11,"Loyal Customer"
"12553","7","10","3692.28",4,4,4,12,"VIP"
"17014","7","3","586.33",4,3,2,9,"Loyal Customer"
"16169","7","4","1822.97",4,3,4,11,"Loyal Customer"
"18097","7","6","2697.80",4,4,4,12,"VIP"
"17386","7","6","2686.42",4,4,4,12,"VIP"
"17450","7","46","194550.79",4,4,4,12,"VIP"
"12963","7","8","1856.63",4,4,4,12,"VIP"
"13183","7","9","3957.78",4,4,4,12,"VIP"
"16242","7","7","3603.21",4,4,4,12,"VIP"
"14299","7","9","3965.62",4,4,4,12,"VIP"
"15500","7","4","1131.56",4,3,3,10,"Loyal Customer"
"17566","7","2","901.21",4,2,3,9,"New costumer"
"14292","7","9","4871.93",4,4,4,12,"VIP"
"14766","7","6","2473.37",4,4,4,12,"VIP"
"17157","7","2","319.00",4,2,2,8,"New costumer"
"14655","7","4","1932.23",4,3,4,11,"Loyal Customer"
"17576","7","19","3622.68",4,4,4,12,"VIP"
"13495","7","5","2044.87",4,4,4,12,"VIP"
"14440","7","5","2357.68",4,3,4,11,"Loyal Customer"
"16966","7","7","2154.97",4,4,4,12,"VIP"
"12558","7","1","269.96",4,1,1,6,"New costumer"
"14960","7","2","221.27",4,2,1,7,"New costumer"
"18282","7","2","178.05",4,2,1,7,"New costumer"
"12856","7","6","2179.93",4,4,4,12,"VIP"
"12562","7","7","3781.74",4,4,4,12,"VIP"
"16333","7","22","26626.80",4,4,4,12,"VIP"
"14688","7","21","5630.87",4,4,4,12,"VIP"
"15948","7","2","955.24",4,3,3,10,"Loyal Customer"
"15602","7","9","1297.87",4,4,3,11,"VIP"
"18245","6","7","2567.06",4,4,4,12,"VIP"
"14250","6","3","1904.05",4,3,4,11,"Loyal Customer"
"14865","6","2","52.20",4,2,1,7,"New costumer"
"12962","6","2","266.39",4,2,1,7,"New costumer"
"13969","6","18","9053.94",4,4,4,12,"VIP"
"16103","6","6","1429.64",4,4,3,11,"VIP"
"13560","6","1","174.37",4,1,1,6,"New costumer"
"17584","6","2","1242.30",4,3,3,10,"Loyal Customer"
"17686","6","7","5739.46",4,4,4,12,"VIP"
"17611","6","15","3984.22",4,4,4,12,"VIP"
"12704","6","8","2340.84",4,4,4,12,"VIP"
"13017","6","1","204.00",4,1,1,6,"New costumer"
"14788","6","2","679.44",4,2,3,9,"New costumer"
"17221","6","2","335.13",4,2,2,8,"New costumer"
"15769","6","26","56252.72",4,4,4,12,"VIP"
"14594","6","2","379.83",4,2,2,8,"New costumer"
"14560","6","22","2237.77",4,4,4,12,"VIP"
"13458","6","14","9646.57",4,4,4,12,"VIP"
"13309","6","5","1456.79",4,4,3,11,"VIP"
"14493","6","5","2383.24",4,3,4,11,"Loyal Customer"
"15271","6","15","2507.07",4,4,4,12,"VIP"
"14428","6","5","1244.83",4,4,3,11,"VIP"
"18055","6","10","6784.19",4,4,4,12,"VIP"
"15539","6","1","538.46",4,1,2,7,"New costumer"
"16359","6","9","1750.92",4,4,4,12,"VIP"
"13953","6","7","3515.68",4,4,4,12,"VIP"
"15570","6","12","4165.52",4,4,4,12,"VIP"
"13884","6","5","787.60",4,4,3,11,"VIP"
"13868","6","2","3192.54",4,3,4,11,"Loyal Customer"
"15078","6","32","9743.11",4,4,4,12,"VIP"
"16474","6","7","1871.50",4,4,4,12,"VIP"
"18174","6","1","104.00",4,1,1,6,"New costumer"
"17086","6","6","2050.08",4,4,4,12,"VIP"
"17567","6","8","4331.48",4,4,4,12,"VIP"
"12970","6","4","452.24",4,3,2,9,"Loyal Customer"
"13780","6","2","360.01",4,2,2,8,"New costumer"
"14031","6","19","17286.86",4,4,4,12,"VIP"
"12695","6","4","582.10",4,3,2,9,"Loyal Customer"
"15547","6","14","4954.84",4,4,4,12,"VIP"
"15123","6","2","2199.31",4,3,4,11,"Loyal Customer"
"16989","6","6","1133.25",4,4,3,11,"VIP"
"14023","6","2","584.07",4,2,2,8,"New costumer"
"12827","5","3","430.15",4,3,2,9,"Loyal Customer"
"17114","5","8","808.62",4,4,3,11,"VIP"
"16283","5","5","1570.81",4,4,3,11,"VIP"
"14354","5","2","163.62",4,2,1,7,"New costumer"
"16033","5","20","8816.40",4,4,4,12,"VIP"
"13558","5","4","605.06",4,3,2,9,"Loyal Customer"
"17858","5","12","5155.66",4,4,4,12,"VIP"
"14583","5","5","1052.55",4,4,3,11,"VIP"
"13808","5","5","1747.66",4,4,4,12,"VIP"
"14720","5","3","663.81",4,3,2,9,"Loyal Customer"
"17618","5","3","971.58",4,3,3,10,"Loyal Customer"
"16561","5","2","511.12",4,2,2,8,"New costumer"
"13596","5","2","697.04",4,2,3,9,"New costumer"
"13838","5","4","691.73",4,3,3,10,"Loyal Customer"
"16326","5","14","3110.96",4,4,4,12,"VIP"
"18065","5","14","2392.83",4,4,4,12,"VIP"
"12952","5","4","1387.79",4,3,3,10,"Loyal Customer"
"15773","5","1","635.68",4,1,2,7,"New costumer"
"13153","5","1","486.22",4,1,2,7,"New costumer"
"17629","5","8","1814.12",4,4,4,12,"VIP"
"16438","5","5","798.35",4,4,3,11,"VIP"
"13822","5","2","632.00",4,2,2,8,"New costumer"
"16642","4","2","688.33",4,2,3,9,"New costumer"
"14931","4","5","1257.68",4,4,3,11,"VIP"
"12925","4","2","694.05",4,2,3,9,"New costumer"
"15392","4","4","1535.53",4,3,3,10,"Loyal Customer"
"12724","4","4","1031.41",4,3,3,10,"Loyal Customer"
"16149","4","2","280.52",4,2,1,7,"New costumer"
"13417","4","2","640.83",4,2,2,8,"New costumer"
"17006","4","4","781.78",4,3,3,10,"Loyal Customer"
"12719","4","2","644.95",4,2,2,8,"New costumer"
"17954","4","12","2332.72",4,4,4,12,"VIP"
"14102","4","5","1360.28",4,4,3,11,"VIP"
"17402","4","13","2633.85",4,4,4,12,"VIP"
"18223","4","14","6484.54",4,4,4,12,"VIP"
"16513","4","4","874.59",4,3,3,10,"Loyal Customer"
"13630","4","7","2031.78",4,4,4,12,"VIP"
"17579","4","3","448.90",4,3,2,9,"Loyal Customer"
"14075","4","3","942.26",4,3,3,10,"Loyal Customer"
"17254","4","2","272.44",4,2,1,7,"New costumer"
"16905","4","7","3102.43",4,4,4,12,"VIP"
"13126","4","8","2099.64",4,4,4,12,"VIP"
"15053","4","3","697.79",4,3,3,10,"Loyal Customer"
"16500","4","6","400.86",4,4,2,10,"VIP"
"16873","4","6","7123.62",4,4,4,12,"VIP"
"13319","4","26","10845.55",4,4,4,12,"VIP"
"16360","4","6","3512.53",4,4,4,12,"VIP"
"12841","4","25","4022.35",4,4,4,12,"VIP"
"17173","4","8","3766.60",4,4,4,12,"VIP"
"14658","4","2","247.15",4,2,1,7,"New costumer"
"13704","4","9","2308.06",4,4,4,12,"VIP"
"15572","4","7","2552.86",4,4,4,12,"VIP"
"15628","4","9","2870.24",4,4,4,12,"VIP"
"15358","4","22","8347.20",4,4,4,12,"VIP"
"13435","4","7","3809.89",4,4,4,12,"VIP"
"18180","4","6","1843.75",4,4,4,12,"VIP"
"14194","4","21","11349.52",4,4,4,12,"VIP"
"16931","4","21","4604.22",4,4,4,12,"VIP"
"17750","4","9","1797.57",4,4,4,12,"VIP"
"14456","4","9","3062.40",4,4,4,12,"VIP"
"14759","4","3","1625.97",4,3,3,10,"Loyal Customer"
"16535","4","1","593.75",4,1,2,7,"New costumer"
"17526","4","4","1195.90",4,3,3,10,"Loyal Customer"
"17131","4","5","2463.17",4,4,4,12,"VIP"
"12913","4","5","2483.63",4,4,4,12,"VIP"
"14060","4","19","6140.42",4,4,4,12,"VIP"
"14546","4","5","2578.09",4,4,4,12,"VIP"
"12490","4","10","5417.93",4,4,4,12,"VIP"
"16682","4","5","1028.00",4,4,3,11,"VIP"
"13956","4","5","1026.42",4,4,3,11,"VIP"
"16811","4","2","547.07",4,2,2,8,"New costumer"
"17827","4","5","1995.46",4,4,4,12,"VIP"
"15290","4","18","7943.22",4,4,4,12,"VIP"
"15033","4","10","2586.67",4,4,4,12,"VIP"
"16746","4","18","6697.66",4,4,4,12,"VIP"
"12560","4","3","2134.01",4,3,4,11,"Loyal Customer"
"16988","4","1","126.12",4,2,1,7,"New costumer"
"12646","4","2","1346.97",4,3,3,10,"Loyal Customer"
"17936","4","1","389.84",4,2,2,8,"New costumer"
"12673","4","2","610.52",4,2,2,8,"New costumer"
"14649","4","4","1417.29",4,3,3,10,"Loyal Customer"
"12381","4","5","1845.31",4,4,4,12,"VIP"
"15867","4","15","3812.64",4,4,4,12,"VIP"
"12782","4","5","2330.92",4,3,4,11,"Loyal Customer"
"13736","4","2","731.90",4,2,3,9,"New costumer"
"18015","3","1","120.03",4,2,1,7,"New costumer"
"17290","3","2","525.24",4,2,2,8,"New costumer"
"12628","3","3","786.46",4,3,3,10,"Loyal Customer"
"12749","3","5","4090.88",4,4,4,12,"VIP"
"14110","3","12","5683.15",4,4,4,12,"VIP"
"14608","3","4","1785.15",4,3,4,11,"Loyal Customer"
"18030","3","2","230.65",4,2,1,7,"New costumer"
"12478","3","1","680.99",4,1,3,8,"New costumer"
"15145","3","4","1194.73",4,3,3,10,"Loyal Customer"
"12877","3","12","1535.77",4,4,3,11,"VIP"
"15690","3","2","239.76",4,2,1,7,"New costumer"
"14547","3","8","4007.54",4,4,4,12,"VIP"
"18005","3","2","249.72",4,2,1,7,"New costumer"
"16353","3","23","6675.71",4,4,4,12,"VIP"
"13199","3","38","9817.12",4,4,4,12,"VIP"
"15621","3","4","1293.03",4,3,3,10,"Loyal Customer"
"16133","3","33","14589.04",4,4,4,12,"VIP"
"12723","3","5","725.07",4,4,3,11,"VIP"
"17383","3","1","199.29",4,1,1,6,"New costumer"
"14121","3","4","2780.15",4,3,4,11,"Loyal Customer"
"15061","3","48","54534.14",4,4,4,12,"VIP"
"12994","3","3","974.42",4,3,3,10,"Loyal Customer"
"14113","3","4","1840.42",4,3,4,11,"Loyal Customer"
"17857","3","23","26879.04",4,4,4,12,"VIP"
"15907","3","3","967.45",4,3,3,10,"Loyal Customer"
"16968","3","2","439.43",4,2,2,8,"New costumer"
"13985","3","15","7060.13",4,4,4,12,"VIP"
"17090","3","7","2043.95",4,4,4,12,"VIP"
"15856","3","27","16387.57",4,4,4,12,"VIP"
"15097","3","1","248.08",4,1,1,6,"New costumer"
"14562","3","18","5074.77",4,4,4,12,"VIP"
"13305","3","10","2000.86",4,4,4,12,"VIP"
"13083","3","2","303.75",4,2,1,7,"New costumer"
"17250","3","2","384.52",4,2,2,8,"New costumer"
"16600","3","6","813.52",4,4,3,11,"VIP"
"16790","3","6","1545.62",4,4,3,11,"VIP"
"16684","3","28","66653.56",4,4,4,12,"VIP"
"14071","3","8","1438.82",4,4,3,11,"VIP"
"16910","3","8","1510.06",4,4,3,11,"VIP"
"13790","3","1","348.80",4,2,2,8,"New costumer"
"15854","3","12","2974.65",4,4,4,12,"VIP"
"16013","3","47","37130.60",4,4,4,12,"VIP"
"13694","3","50","65039.62",4,4,4,12,"VIP"
"13311","3","2","598.57",4,2,2,8,"New costumer"
"16929","3","7","1295.39",4,4,3,11,"VIP"
"12766","3","7","6989.63",4,4,4,12,"VIP"
"17817","3","3","387.68",4,3,2,9,"Loyal Customer"
"15274","3","2","716.57",4,2,3,9,"New costumer"
"17706","3","17","10504.49",4,4,4,12,"VIP"
"18198","3","17","5425.56",4,4,4,12,"VIP"
"16379","3","4","2157.40",4,3,4,11,"Loyal Customer"
"17884","3","4","717.45",4,3,3,10,"Loyal Customer"
"14096","3","17","65164.79",4,4,4,12,"VIP"
"14219","3","1","89.94",4,1,1,6,"New costumer"
"17920","3","17","4204.10",4,4,4,12,"VIP"
"14825","3","12","2226.91",4,4,4,12,"VIP"
"14696","3","7","2078.95",4,4,4,12,"VIP"
"16949","3","6","1286.27",4,4,3,11,"VIP"
"12682","3","31","12288.22",4,4,4,12,"VIP"
"16015","3","3","705.39",4,3,3,10,"Loyal Customer"
"15640","3","15","12515.66",4,4,4,12,"VIP"
"15932","3","8","2495.87",4,4,4,12,"VIP"
"16904","3","16","3754.27",4,4,4,12,"VIP"
"14735","3","32","6065.69",4,4,4,12,"VIP"
"13079","3","5","220.10",4,4,1,9,"VIP"
"16528","3","1","244.41",4,1,1,6,"New costumer"
"18283","3","16","2094.88",4,4,4,12,"VIP"
"16851","3","3","342.45",4,3,2,9,"Loyal Customer"
"16597","3","1","90.04",4,1,1,6,"New costumer"
"12716","3","2","1053.49",4,3,3,10,"Loyal Customer"
"16592","3","16","4113.68",4,4,4,12,"VIP"
"17676","3","6","1387.68",4,4,3,11,"VIP"
"16200","3","2","1080.62",4,3,3,10,"Loyal Customer"
"15992","3","1","41.99",4,1,1,6,"New costumer"
"14418","3","3","1937.25",4,3,4,11,"Loyal Customer"
"13709","3","13","6328.05",4,4,4,12,"VIP"
"15157","3","3","1936.07",4,3,4,11,"Loyal Customer"
"17404","3","15","31906.82",4,4,4,12,"VIP"
"17593","3","5","3927.34",4,4,4,12,"VIP"
"14401","3","13","4051.48",4,4,4,12,"VIP"
"12683","3","15","8476.57",4,4,4,12,"VIP"
"17914","3","1","336.43",4,2,2,8,"New costumer"
"16764","3","13","2799.25",4,4,4,12,"VIP"
"13001","3","13","9818.82",4,4,4,12,"VIP"
"17811","3","39","7837.73",4,4,4,12,"VIP"
"17346","3","15","2676.56",4,4,4,12,"VIP"
"12971","3","86","11189.91",4,4,4,12,"VIP"
"12367","3","1","168.90",4,1,1,6,"New costumer"
"13881","3","20","17159.52",4,4,4,12,"VIP"
"15550","3","4","575.63",4,3,2,9,"Loyal Customer"
"16620","3","2","178.96",4,2,1,7,"New costumer"
"17728","3","3","2876.01",4,3,4,11,"Loyal Customer"
"14739","3","7","3902.28",4,4,4,12,"VIP"
"13755","3","9","2161.35",4,4,4,12,"VIP"
"16979","3","6","1852.00",4,4,4,12,"VIP"
"17666","3","2","728.16",4,2,3,9,"New costumer"
"12584","3","9","2338.15",4,4,4,12,"VIP"
"14140","3","2","935.05",4,3,3,10,"Loyal Customer"
"17481","3","4","1255.59",4,3,3,10,"Loyal Customer"
"15318","3","1","312.62",4,2,2,8,"New costumer"
"13230","3","14","2806.97",4,4,4,12,"VIP"
"15031","3","4","668.14",4,3,2,9,"Loyal Customer"
"14629","3","2","959.01",4,3,3,10,"Loyal Customer"
"13994","3","6","2313.14",4,4,4,12,"VIP"
"17744","3","6","2322.40",4,4,4,12,"VIP"
"17218","3","10","1960.72",4,4,4,12,"VIP"
"14083","3","9","1018.43",4,4,3,11,"VIP"
"13021","3","9","2616.38",4,4,4,12,"VIP"
"18044","3","10","2088.60",4,4,4,12,"VIP"
"14737","3","3","1164.55",4,3,3,10,"Loyal Customer"
"13173","3","2","353.65",4,2,2,8,"New costumer"
"16495","2","3","684.41",4,3,3,10,"Loyal Customer"
"12826","2","7","1474.72",4,4,3,11,"VIP"
"13685","2","7","3119.44",4,4,4,12,"VIP"
"16000","2","3","12393.70",4,3,4,11,"Loyal Customer"
"13225","2","7","6463.84",4,4,4,12,"VIP"
"16987","2","7","1625.05",4,4,3,11,"VIP"
"14907","2","7","3501.10",4,4,4,12,"VIP"
"15750","2","8","2465.48",4,4,4,12,"VIP"
"18154","2","2","399.19",4,2,2,8,"New costumer"
"14868","2","8","2953.59",4,4,4,12,"VIP"
"16313","2","2","274.15",4,2,1,7,"New costumer"
"17232","2","2","421.52",4,2,2,8,"New costumer"
"17861","2","8","2100.80",4,4,4,12,"VIP"
"16016","2","8","1508.76",4,4,3,11,"VIP"
"14503","2","6","3543.26",4,4,4,12,"VIP"
"14769","2","8","10674.75",4,4,4,12,"VIP"
"14216","2","4","1839.30",4,3,4,11,"Loyal Customer"
"18272","2","6","3078.58",4,4,4,12,"VIP"
"12828","2","6","1018.71",4,4,3,11,"VIP"
"16201","2","4","1863.47",4,3,4,11,"Loyal Customer"
"12417","2","9","3649.10",4,4,4,12,"VIP"
"13949","2","6","2427.32",4,4,4,12,"VIP"
"16143","2","6","2424.94",4,4,4,12,"VIP"
"14527","2","55","8508.82",4,4,4,12,"VIP"
"15822","2","2","885.47",4,2,3,9,"New costumer"
"15195","2","1","3861.00",4,1,4,9,"New costumer"
"17091","2","9","3827.76",4,4,4,12,"VIP"
"16817","2","9","1604.75",4,4,3,11,"VIP"
"17705","2","9","1823.52",4,4,4,12,"VIP"
"13104","2","6","1098.48",4,4,3,11,"VIP"
"17049","2","9","5659.98",4,4,4,12,"VIP"
"16076","2","10","2234.73",4,4,4,12,"VIP"
"15568","2","3","758.29",4,3,3,10,"Loyal Customer"
"13882","2","5","1191.13",4,4,3,11,"VIP"
"12362","2","10","5226.23",4,4,4,12,"VIP"
"17503","2","2","558.96",4,2,2,8,"New costumer"
"18219","2","10","2069.77",4,4,4,12,"VIP"
"12912","2","5","1662.30",4,4,4,12,"VIP"
"15984","2","10","2837.67",4,4,4,12,"VIP"
"16539","2","4","1388.81",4,3,3,10,"Loyal Customer"
"17119","2","2","606.91",4,2,2,8,"New costumer"
"15023","2","11","6802.76",4,4,4,12,"VIP"
"16569","2","1","124.20",4,2,1,7,"New costumer"
"18237","2","5","987.10",4,4,3,11,"VIP"
"17835","2","3","350.64",4,3,2,9,"Loyal Customer"
"14578","2","1","168.63",4,1,1,6,"New costumer"
"16711","2","5","1651.03",4,4,3,11,"VIP"
"12442","2","1","172.06",4,1,1,6,"New costumer"
"13323","2","5","787.85",4,4,3,11,"VIP"
"14708","2","3","1126.37",4,3,3,10,"Loyal Customer"
"18225","2","12","5509.12",4,4,4,12,"VIP"
"16678","2","12","3109.99",4,4,4,12,"VIP"
"14910","2","4","434.35",4,3,2,9,"Loyal Customer"
"16191","2","13","5180.52",4,4,4,12,"VIP"
"14673","2","5","1736.40",4,4,4,12,"VIP"
"16271","2","5","1429.24",4,4,3,11,"VIP"
"14087","2","1","194.42",4,1,1,6,"New costumer"
"17730","2","13","5298.48",4,4,4,12,"VIP"
"12839","2","14","5591.42",4,4,4,12,"VIP"
"14141","2","4","915.13",4,3,3,10,"Loyal Customer"
"17042","2","5","1044.38",4,3,3,10,"Loyal Customer"
"12820","2","4","942.34",4,3,3,10,"Loyal Customer"
"15194","2","15","7616.53",4,4,4,12,"VIP"
"12989","2","15","6924.11",4,4,4,12,"VIP"
"12583","2","15","7281.38",4,4,4,12,"VIP"
"14282","2","15","3729.34",4,4,4,12,"VIP"
"17238","2","17","3744.65",4,4,4,12,"VIP"
"14293","2","4","1046.56",4,3,3,10,"Loyal Customer"
"16458","2","18","3482.74",4,4,4,12,"VIP"
"14534","2","18","4447.05",4,4,4,12,"VIP"
"12650","2","1","314.44",4,2,2,8,"New costumer"
"14397","2","19","2612.96",4,4,4,12,"VIP"
"17883","2","4","671.77",4,3,2,9,"Loyal Customer"
"13267","2","19","4521.49",4,4,4,12,"VIP"
"17017","2","20","8694.26",4,4,4,12,"VIP"
"14871","2","4","522.38",4,3,2,9,"Loyal Customer"
"13668","2","21","6363.59",4,4,4,12,"VIP"
"15136","2","4","1286.70",4,3,3,10,"Loyal Customer"
"13507","2","4","2479.16",4,3,4,11,"Loyal Customer"
"12720","2","25","5781.73",4,4,4,12,"VIP"
"13078","2","26","12627.94",4,4,4,12,"VIP"
"15498","2","27","13316.40",4,4,4,12,"VIP"
"17511","2","31","91062.38",4,4,4,12,"VIP"
"14794","2","7","1319.91",4,4,3,11,"VIP"
"15969","2","3","666.10",4,3,2,9,"Loyal Customer"
"13743","2","7","1341.60",4,4,3,11,"VIP"
"17412","2","7","1258.06",4,4,3,11,"VIP"
"14572","2","7","2832.84",4,4,4,12,"VIP"
"13089","2","97","58825.83",4,4,4,12,"VIP"
"17436","1","2","216.30",4,2,1,7,"New costumer"
"14251","1","5","2879.70",4,4,4,12,"VIP"
"15298","1","12","4799.90",4,4,4,12,"VIP"
"12783","1","6","2225.91",4,4,4,12,"VIP"
"15883","1","2","396.48",4,2,2,8,"New costumer"
"18210","1","6","2621.38",4,4,4,12,"VIP"
"16779","1","22","10629.72",4,4,4,12,"VIP"
"14085","1","18","4448.54",4,4,4,12,"VIP"
"16210","1","18","21086.30",4,4,4,12,"VIP"
"12615","1","4","2291.19",4,3,4,11,"Loyal Customer"
"14132","1","11","3586.03",4,4,4,12,"VIP"
"15214","1","8","1661.44",4,4,3,11,"VIP"
"14204","1","1","161.03",4,1,1,6,"New costumer"
"12437","1","18","4951.41",4,4,4,12,"VIP"
"14129","1","5","1123.86",4,3,3,10,"Loyal Customer"
"18273","1","3","204.00",4,3,1,8,"Loyal Customer"
"17590","1","3","1479.22",4,3,3,10,"Loyal Customer"
"13534","1","25","5870.08",4,4,4,12,"VIP"
"18092","1","11","9068.26",4,4,4,12,"VIP"
"17449","1","7","2520.86",4,4,4,12,"VIP"
"12347","1","7","4310.00",4,4,4,12,"VIP"
"17266","1","3","310.64",4,3,2,9,"Loyal Customer"
"13954","1","2","439.92",4,2,2,8,"New costumer"
"15453","1","7","1388.37",4,4,3,11,"VIP"
"17870","1","12","1894.35",4,4,4,12,"VIP"
"14217","1","17","2004.98",4,4,4,12,"VIP"
"16525","1","26","13027.45",4,4,4,12,"VIP"
"15525","1","3","825.92",4,3,3,10,"Loyal Customer"
"18109","1","26","8052.97",4,4,4,12,"VIP"
"13769","1","10","2796.51",4,4,4,12,"VIP"
"12935","1","7","2160.70",4,4,4,12,"VIP"
"14032","1","11","2975.59",4,4,4,12,"VIP"
"14646","1","73","280206.02",4,4,4,12,"VIP"
"13468","1","37","5704.97",4,4,4,12,"VIP"
"17856","1","4","1418.03",4,3,3,10,"Loyal Customer"
"12569","1","32","4124.69",4,4,4,12,"VIP"
"17602","1","6","5102.97",4,4,4,12,"VIP"
"14520","1","2","270.60",4,2,1,7,"New costumer"
"16161","1","19","5575.56",4,4,4,12,"VIP"
"16426","1","10","1908.25",4,4,4,12,"VIP"
"17677","1","30","16363.23",4,4,4,12,"VIP"
"17735","1","19","13110.02",4,4,4,12,"VIP"
"15159","1","30","18641.01",4,4,4,12,"VIP"
"12471","1","30","19824.05",4,4,4,12,"VIP"
"13314","1","3","775.94",4,3,3,10,"Loyal Customer"
"17097","1","8","954.42",4,4,3,11,"VIP"
"14138","1","2","982.38",4,3,3,10,"Loyal Customer"
"16442","1","3","616.79",4,3,2,9,"Loyal Customer"
"17830","1","3","398.70",4,3,2,9,"Loyal Customer"
"13394","1","8","2520.02",4,4,4,12,"VIP"
"12621","1","20","13689.67",4,4,4,12,"VIP"
"13767","1","37","17220.36",4,4,4,12,"VIP"
"13870","1","8","2770.94",4,4,4,12,"VIP"
"12747","1","11","4196.01",4,4,4,12,"VIP"
"17434","1","7","2373.82",4,4,4,12,"VIP"
"16672","1","20","8134.94",4,4,4,12,"VIP"
"12950","1","3","1843.00",4,3,4,11,"Loyal Customer"
"15701","1","4","1542.14",4,3,3,10,"Loyal Customer"
"17673","1","6","1629.12",4,4,3,11,"VIP"
"14719","1","5","1602.13",4,4,3,11,"VIP"
"17522","1","5","1070.71",4,4,3,11,"VIP"
"15471","1","1","469.48",4,1,2,7,"New costumer"
"15187","1","16","4777.18",4,4,4,12,"VIP"
"16393","1","13","3046.21",4,4,4,12,"VIP"
"14395","1","9","3507.71",4,4,4,12,"VIP"
"15443","1","7","3236.91",4,4,4,12,"VIP"
"15520","1","1","343.50",4,2,2,8,"New costumer"
"14191","1","13","4684.76",4,4,4,12,"VIP"
"16523","1","21","9418.47",4,4,4,12,"VIP"
"16891","1","5","809.70",4,4,3,11,"VIP"
"13436","1","1","196.89",4,1,1,6,"New costumer"
"13756","1","14","5189.52",4,4,4,12,"VIP"
"16368","1","2","497.43",4,2,2,8,"New costumer"
"12358","1","2","1168.06",4,3,3,10,"Loyal Customer"
"14904","1","2","1025.44",4,3,3,10,"Loyal Customer"
"17631","1","3","528.33",4,3,2,9,"Loyal Customer"
"14189","1","15","4654.08",4,4,4,12,"VIP"
"14698","1","5","1250.76",4,4,3,11,"VIP"
"13408","1","62","28117.04",4,4,4,12,"VIP"
"15237","1","4","1412.32",4,3,3,10,"Loyal Customer"
"14291","1","11","3883.25",4,4,4,12,"VIP"
"17841","1","124","40991.57",4,4,4,12,"VIP"
"15877","1","2","493.28",4,2,2,8,"New costumer"
"13924","1","6","1838.85",4,4,4,12,"VIP"
"17315","1","38","6292.26",4,4,4,12,"VIP"
"14135","1","15","4690.31",4,4,4,12,"VIP"
"17754","0","5","1772.26",4,4,4,12,"VIP"
"13860","0","5","1245.90",4,4,3,11,"VIP"
"14621","0","5","1788.36",4,4,4,12,"VIP"
"14730","0","8","2005.06",4,4,4,12,"VIP"
"13298","0","1","360.00",4,2,2,8,"New costumer"
"13798","0","57","37153.85",4,4,4,12,"VIP"
"15399","0","3","815.77",4,3,3,10,"Loyal Customer"
"14446","0","4","1039.58",4,3,3,10,"Loyal Customer"
"15208","0","5","870.12",4,4,3,11,"VIP"
"13521","0","3","1093.65",4,3,3,10,"Loyal Customer"
"12985","0","2","1239.38",4,3,3,10,"Loyal Customer"
"13269","0","15","5346.23",4,4,4,12,"VIP"
"17364","0","11","4481.18",4,4,4,12,"VIP"
"13026","0","5","975.36",4,4,3,11,"VIP"
"17001","0","11","3989.57",4,4,4,12,"VIP"
"17144","0","2","984.57",4,3,3,10,"Loyal Customer"
"12662","0","11","3849.78",4,4,4,12,"VIP"
"12955","0","11","4757.16",4,4,4,12,"VIP"
"16626","0","17","4413.10",4,4,4,12,"VIP"
"14796","0","17","8022.49",4,4,4,12,"VIP"
"17644","0","11","2895.64",4,4,4,12,"VIP"
"12518","0","5","2056.89",4,3,4,11,"Loyal Customer"
"14702","0","17","3292.14",4,4,4,12,"VIP"
"16892","0","5","525.54",4,4,2,10,"VIP"
"13077","0","4","729.27",4,3,3,10,"Loyal Customer"
"16833","0","4","1106.53",4,3,3,10,"Loyal Customer"
"16358","0","4","2027.50",4,3,4,11,"Loyal Customer"
"17554","0","5","1952.45",4,4,4,12,"VIP"
"15484","0","4","3594.31",4,3,4,11,"Loyal Customer"
"13777","0","33","25977.16",4,4,4,12,"VIP"
"15189","0","41","16225.39",4,4,4,12,"VIP"
"16933","0","2","563.23",4,2,2,8,"New costumer"
"16794","0","10","1222.71",4,4,3,11,"VIP"
"12433","0","7","13375.87",4,4,4,12,"VIP"
"12748","0","209","33719.73",4,4,4,12,"VIP"
"17405","0","3","1031.41",4,3,3,10,"Loyal Customer"
"13263","0","35","7454.07",4,4,4,12,"VIP"
"12423","0","8","1859.31",4,4,4,12,"VIP"
"13426","0","10","3641.32",4,4,4,12,"VIP"
"13890","0","10","1883.81",4,4,4,12,"VIP"
"13318","0","3","640.76",4,3,2,9,"Loyal Customer"
"13680","0","4","3722.42",4,3,4,11,"Loyal Customer"
"16446","0","2","168472.50",4,3,4,11,"Loyal Customer"
"17491","0","10","3558.87",4,4,4,12,"VIP"
"17530","0","10","2385.00",4,4,4,12,"VIP"
"16558","0","20","8338.49",4,4,4,12,"VIP"
"12713","0","1","848.55",4,1,3,8,"New costumer"
"18102","0","60","259657.30",4,4,4,12,"VIP"
"16705","0","20","14034.99",4,4,4,12,"VIP"
"14441","0","4","1712.89",4,3,4,11,"Loyal Customer"
"13536","0","7","3448.29",4,4,4,12,"VIP"
"13471","0","4","2531.58",4,3,4,11,"Loyal Customer"
"13599","0","21","5153.67",4,4,4,12,"VIP"
"16688","0","4","1260.86",4,3,3,10,"Loyal Customer"
"17949","0","45","58510.48",4,4,4,12,"VIP"
"16954","0","9","2085.08",4,4,4,12,"VIP"
"15311","0","91","60767.90",4,4,4,12,"VIP"
"14056","0","23","8214.65",4,4,4,12,"VIP"
"15910","0","8","1232.18",4,4,3,11,"VIP"
"14051","0","23","15610.39",4,4,4,12,"VIP"
"13113","0","24","12245.96",4,4,4,12,"VIP"
"13102","0","24","6424.09",4,4,4,12,"VIP"
"13069","0","24","4436.12",4,4,4,12,"VIP"
"17528","0","8","3628.50",4,4,4,12,"VIP"
"17581","0","25","11045.04",4,4,4,12,"VIP"
"14606","0","93","12156.65",4,4,4,12,"VIP"
"13404","0","2","252.49",4,2,1,7,"New costumer"
"17389","0","34","31833.68",4,4,4,12,"VIP"
"17243","0","26","8676.85",4,4,4,12,"VIP"
"15156","0","3","961.49",4,3,3,10,"Loyal Customer"
"14653","0","7","1947.55",4,4,4,12,"VIP"
"13098","0","28","28882.44",4,4,4,12,"VIP"
"15344","0","3","563.94",4,3,2,9,"Loyal Customer"
"17428","0","28","17256.85",4,4,4,12,"VIP"
"14569","0","1","227.39",4,1,1,6,"New costumer"
"14422","0","6","4263.64",4,4,4,12,"VIP"
"17757","0","30","5605.29",4,4,4,12,"VIP"
"17675","0","31","20374.28",4,4,4,12,"VIP"
"17668","0","2","347.75",4,2,2,8,"New costumer"
"16322","0","2","326.75",4,2,2,8,"New costumer"
"17451","0","7","1721.40",4,4,4,12,"VIP"
"13510","0","4","1791.56",4,3,4,11,"Loyal Customer"
"14911","0","201","143825.06",4,4,4,12,"VIP"
"12680","0","4","880.81",4,3,3,10,"Loyal Customer"
"12526","0","3","1316.66",4,3,3,10,"Loyal Customer"
"15804","0","13","4206.39",4,4,4,12,"VIP"
"15796","0","8","2711.56",4,4,4,12,"VIP"
"15898","0","5","1388.88",4,4,3,11,"VIP"
"14415","0","13","5900.28",4,4,4,12,"VIP"
"13013","0","13","4810.94",4,4,4,12,"VIP"
"17490","0","7","2092.32",4,4,4,12,"VIP"
"15694","0","14","6479.40",4,4,4,12,"VIP"
"16401","0","12","4098.32",4,4,4,12,"VIP"
